Customer_ID,Name,City,Contact_Number,Email,Gender,Address
C176,Arjun Chokshi,Nashik,6676184723,arjun279@outlook.com,Male,"H.No. 498
Mitra Nagar, Nashik 618499"
C140,Prisha Virk,Rourkela,8241056481,prisha689@hotmail.com,Female,"H.No. 843
Bose Road, Rourkela 778507"
C192,Triya Yadav,Tiruchirappalli,9.18336E+11,triya885@hotmail.com,Female,"18/61
Andra Chowk, Tiruchirappalli 157399"
C168,Niharika Maharaj,Gandhinagar,6743748969,niharika992@hotmail.com,,"H.No. 361
Amble Zila, Gandhinagar 858994"
C110,Zaitra Bandi,Nashik,,zaitra393@yahoo.com,Female,"H.No. 521
Bhasin Path, Nashik 997700"
C118,Wyatt Bose,Chandrapur,9799371240,wyatt892@yahoo.com,Male,"68/44
Natarajan Marg, Chandrapur 965756"
C022,Brijesh Mander,Tiruchirappalli,9.19433E+11,,Male,"H.No. 341
Shah Zila, Tiruchirappalli 693676"
C200,meera dey,Firozabad,,meera696@gmail.com,Female,"H.No. 663
Lad Nagar, Firozabad 887256"
C136,Parth Sanghvi,Kolhapur,7413899940,parth806@hotmail.com,Male,"H.No. 280
Jha Road, Kolhapur 898364"
C197,Ronith Yogi,Farrukhabad,6536822239,ronith462@gmail.com,Male,"H.No. 858
Hari Road, Farrukhabad 129087"
C115,Raghav Sankaran,Bhimavaram,9194311426,raghav240@outlook.com,Male,"191/61
Ramachandran Street, Bhimavaram 551104"
C150,Logan Rajagopal,Gurgaon,,logan658@gmail.com,M,"86/32
Thakkar Path, Gurgaon 564205"
C003,CHAAYA MEMON,Gangtok,9103413164,chaaya159@yahoo.com,Female,"15/75
Patla Chowk, Gangtok 255341"
C115,Raghav Sankaran,Bhimavaram,9194311426,raghav240@outlook.com,Male,"191/61
Ramachandran Street, Bhimavaram 551104"
C167,Chandani Mane,Kharagpur,6293333468,chandani421@hotmail.com,F,"H.No. 769
Andra Nagar, Kharagpur 722903"
C068,Nilima Ramanathan,Hindupur,8486528168,nilima651@outlook.com,Female,"H.No. 446
Badami Path, Hindupur 542357"
C084,Yashasvi Ganguly,,9959001094,yashasvi491@outlook.com,F,"14/33
Saha Ganj, Tirunelveli 907844"
C099,Dhriti Merchant,Srikakulam,9327279568,dhriti939@hotmail.com,Female,"150/56
Yogi Chowk, Srikakulam 339187"
C195,Kai Reddy,Hospet,6650618091,kai630@outlook.com,Male,"142/95
Bath, Hospet 158144"
C200,meera dey,Firozabad,,meera696@gmail.com,Female,"H.No. 663
Lad Nagar, Firozabad 887256"
C120,Amara Shenoy,Bahraich,8167243426,amara642@outlook.com,Female,
C182,Abdul Dugar,Shimla,7175354083,abdul390@yahoo.com,Male,"H.No. 854
Radhakrishnan Circle, Shimla 631779"
C184,Jasmit Sha,Karaikudi,9975711305,jasmit588@outlook.com,Female,"H.No. 428
Manne Path, Karaikudi 885102"
C019,Ryan Yadav,Bhopal,9429401965,ryan131@gmail.com,Male,"11/46
Sarin Path, Bhopal 981693"
C010,JAIRAJ SOLANKI,Jhansi,,jairaj551@yahoo.com,Male,"H.No. 136
Nori Marg, Jhansi 133387"
C054,Kashish Naik,Akola,6026811775,,F,"H.No. 818
Chopra Circle, Akola 783908"
C004,Jason Gade,Nadiad,9.18835E+11,jason59@gmail.com,Male,"H.No. 515
Kakar Zila, Nadiad 953767"
C065,Wahab Sathe,Panipat,6058147700,wahab714@hotmail.com,Male,"H.No. 615
Mangat Path, Panipat 119986"
C041,Mitali Sarma,Bhilai,9932480861,mitali250@yahoo.com,Female,"H.No. 6
Comar Ganj, Bhilai 712748"
C173,Mahika Kadakia,Gangtok,6712966667,mahika146@gmail.com,Female,"136/28
Agrawal Marg, Gangtok 083505"
C063,Pratyush Chakrabarti,Aligarh,7696816453,pratyush988@hotmail.com,Male,"7/40
Ganguly Path, Aligarh 181883"
C103,Zinal Raghavan,Shahjahanpur,9.16524E+11,,Female,"49/67
Jhaveri Ganj, Shahjahanpur 119079"
C121,Andrew Parsa,Moradabad,7529096561,andrew647@hotmail.com,Male,"H.No. 765
Chaudhari Nagar, Moradabad 438889"
C044,Anita Date,Salem,7187026217,anita821@outlook.com,Female,"H.No. 573
Nigam Road, Salem 961586"
C029,AMARA MUNI,Sikar,9.18193E+11,amara447@gmail.com,Female,"148/25
Walia Path, Sikar 651850"
C137,Jagdish Talwar,Gorakhpur,8791805526,jagdish936@outlook.com,Male,"H.No. 303
Salvi, Gorakhpur 582710"
C020,,Saharsa,7356159514,anthony683@gmail.com,Male,"144/53
More Circle, Saharsa 656482"
C178,Kamya Agate,Hubli–Dharwad,9972181143,kamya114@hotmail.com,Female,"H.No. 608
Minhas Chowk, Hubli–Dharwad 470120"
C170,Tanmayi Rama,Ballia,9.16354E+11,tanmayi781@hotmail.com,Female,
C196,lohit sarma,Tenali,9728326842,,Male,"122/65
Prakash Road, Tenali 088210"
C159,,Bhalswa Jahangir Pur,6467741862,harinakshi503@outlook.com,Female,"21/42
Raj Path, Bhalswa Jahangir Pur 527047"
C097,Oni Gaba,Bardhaman,8054932966,oni619@hotmail.com,Female,"59/87
Narang Circle, Bardhaman 161227"
C013,Ayush Trivedi,Gaya,8913619399,ayush119@gmail.com,Male,"H.No. 160
Bumb Nagar, Gaya 699854"
C050,Abhimanyu Lalla,Malda,6496513709,abhimanyu425@outlook.com,Male,"120/54
Narang Circle, Malda 931746"
C072,Avni Randhawa,Noida,8153051522,avni30@outlook.com,Female,"H.No. 187
Mangat Nagar, Noida 727790"
C050,Abhimanyu Lalla,Malda,6496513709,abhimanyu425@outlook.com,Male,"120/54
Narang Circle, Malda 931746"
C122,Udant Prasad,Madhyamgram,9825071461,udant101@gmail.com,Male,"178/39
Dhar Zila, Madhyamgram 545738"
C017,Qasim Divan,Warangal,9450533158,,Male,"H.No. 115
Dubey Marg, Warangal 322602"
C099,Dhriti Merchant,Srikakulam,9327279568,dhriti939@hotmail.com,Female,"150/56
Yogi Chowk, Srikakulam 339187"
C190,Isaiah Pillai,Jammu,7721228160,isaiah617@yahoo.com,Male,"H.No. 672
Mallick Marg, Jammu 842294"
C139,Omisha Raman,Tirupati,8303161799,,Female,"138/16
More Nagar, Tirupati 210202"
C095,Oni Sodhi,Durgapur,9826773454,oni128@outlook.com,Female,"H.No. 717
Chakraborty Nagar, Durgapur 938026"
C164,Kashish Bawa,Agartala,8054447132,,,"40/88
Savant Road, Agartala 546913"
C155,Janya Chawla,Ajmer,6135521570,,Female,
C006,Reyansh Raj,Dehri,7801845146,reyansh414@gmail.com,Male,"H.No. 584
Setty Street, Dehri 048281"
C090,NIHAL NAGAR,Singrauli,7495888794,nihal566@gmail.com,Male,"105/58
Badal Chowk, Singrauli 551694"
C092,Tripti Thaker,Ghaziabad,6838578652,tripti704@yahoo.com,Female,"H.No. 807
Walia Chowk, Ghaziabad 585497"
C194,Aarush Bhatti,Kakinada,9.18139E+11,aarush473@outlook.com,Male,"95/37
Chahal Nagar, Kakinada 102481"
C157,Balhaar Oommen,,9181599706,balhaar516@yahoo.com,Male,"H.No. 45
Saraf Street, Gandhinagar 201533"
C166,Arya Patel,Panipat,7786103579,arya570@gmail.com,F,"H.No. 576
Goel Chowk, Panipat 798552"
C034,Advika Walla,Panipat,9.19084E+11,,F,"H.No. 309
Srinivas Chowk, Panipat 752047"
C193,anusha nagi,Raipur,9.18484E+11,anusha816@hotmail.com,Female,"H.No. 361
Bassi Chowk, Raipur 435811"
C033,Ladli Kashyap,Nellore,8182337498,ladli413@hotmail.com,Female,"H.No. 197
Mandal, Nellore 134352"
C154,Gaurangi Sarkar,Ratlam,7895392644,gaurangi113@gmail.com,Female,"92/31
Goel Street, Ratlam 096902"
C096,Anita Ranganathan,Gaya,8004991547,anita513@outlook.com,Female,"154/6
Viswanathan Circle, Gaya 728743"
C014,Nirja Khare,Tenali,8475107991,nirja620@yahoo.com,Female,"H.No. 209
Yogi Zila, Tenali 384251"
C198,Mohini Bhavsar,Navi Mumbai,6975523149,mohini517@yahoo.com,F,"182/57
Hari Zila, Navi Mumbai 577594"
C102,Ucchal Prasad,Sultan Pur Majra,9.16618E+11,ucchal466@gmail.com,F,"83/15
Datta Circle, Sultan Pur Majra 300478"
C049,Gagan Iyer,Panvel,7884247451,gagan237@outlook.com,Male,"H.No. 724
Borra Chowk, Panvel 236851"
C156,Reyansh Sarma,Rourkela,9.16766E+11,reyansh488@outlook.com,Male,"H.No. 526
Seth Street, Rourkela 104054"
C149,Siya Taneja,Eluru,6253244720,siya408@hotmail.com,F,"32/59
Korpal, Eluru 476870"
C174,ADYA AGRAWAL,Kamarhati,,adya465@hotmail.com,Female,"80/93
Misra Nagar, Kamarhati 478985"
C016,Harsh Lalla,Chandrapur,9.16164E+11,harsh342@yahoo.com,Male,"H.No. 269
Sane Chowk, Chandrapur 801128"
C010,JAIRAJ SOLANKI,Jhansi,,jairaj551@yahoo.com,Male,"H.No. 136
Nori Marg, Jhansi 133387"
C080,,Indore,7786814473,liam222@outlook.com,Male,"151/98
Mangal, Indore 731217"
C058,Damini Tripathi,Bhatpara,8315851493,damini780@outlook.com,Female,"108/33
Bal Marg, Bhatpara 940244"
C101,Vedant Bhardwaj,Aizawl,9.17640E+11,vedant338@outlook.com,Male,"H.No. 296
Bhasin Zila, Aizawl 170462"
C046,,Tirunelveli,7196937923,zilmil762@outlook.com,Female,"193/32
Kumar Chowk, Tirunelveli 740748"
C145,Yashawini Deol,,,yashawini380@outlook.com,Female,"H.No. 745
Nadkarni Path, Aurangabad 743132"
C077,Raksha Sarkar,Gandhidham,8527758416,raksha485@hotmail.com,Female,"191/71
Sani Zila, Gandhidham 928451"
C143,Aarna Pillay,Jalna,9493759738,aarna120@yahoo.com,F,"10/39
Dora Ganj, Jalna 060385"
C199,Rajata Mutti,Gulbarga,7533645257,rajata373@hotmail.com,Female,"H.No. 397
Sehgal Chowk, Gulbarga 547812"
C129,Urvi Kamdar,Kota,9407451713,urvi707@hotmail.com,Female,"78/26
Panchal Ganj, Kota 962923"
C152,PRANEEL BALA,Tezpur,9.18294E+11,,Male,"H.No. 611
Bhalla Zila, Tezpur 393087"
C133,Vasatika Acharya,Panihati,9.17424E+11,vasatika652@yahoo.com,Female,"H.No. 695
Randhawa Nagar, Panihati 436110"
C073,ADYA KUNDA,Jalgaon,7986143410,adya364@hotmail.com,Female,"153/90
Saini Ganj, Jalgaon 971179"
C024,Vansha Dutt,Hospet,6348734714,vansha880@outlook.com,Female,"118/45
Magar Ganj, Hospet 558122"
C032,VYANJANA SWAMINATHAN,Pune,6436349578,vyanjana738@hotmail.com,Female,"H.No. 683
Padmanabhan Circle, Pune 685574"
C035,Bhavini Rattan,Srinagar,9.16023E+11,bhavini312@hotmail.com,F,"149/78
Kara Marg, Srinagar 867749"
C180,REYANSH SRIDHAR,Rourkela,9.17202E+11,reyansh309@yahoo.com,Male,"H.No. 783
Raghavan Street, Rourkela 590277"
C119,Netra Nagi,Nangloi Jat,,netra873@hotmail.com,Female,"H.No. 880
Ramaswamy Road, Nangloi Jat 519398"
C174,ADYA AGRAWAL,Kamarhati,,adya465@hotmail.com,Female,"80/93
Misra Nagar, Kamarhati 478985"
C127,wishi mani,Gaya,9.18791E+11,wishi683@gmail.com,Female,"H.No. 477
Tiwari Circle, Gaya 767677"
C109,Neelima Dua,Ozhukarai,9693785477,neelima855@outlook.com,Female,"H.No. 250
Ganguly Chowk, Ozhukarai 522872"
C012,Aadhya Ramakrishnan,Malda,9.16687E+11,aadhya684@hotmail.com,Female,"H.No. 107
Bhat Circle, Malda 500978"
C179,Radha Munshi,Bhiwandi,8002255794,radha47@yahoo.com,,"154/8
Pradhan Zila, Bhiwandi 521667"
C181,Tripti Sastry,Rajkot,9.18509E+11,tripti336@gmail.com,Female,"192/56
Chandran, Rajkot 637562"
C153,Noah Jaggi,Mau,9.18500E+11,,Male,"H.No. 554
Prakash Zila, Mau 691545"
C185,EKIYA ROUT,Rohtak,6331637351,ekiya415@gmail.com,F,"H.No. 176
Batra Marg, Rohtak 917798"
C148,JANYA DE,Rewa,9.16199E+11,janya703@hotmail.com,Female,"H.No. 661
Chanda Street, Rewa 510702"
C138,Advika Lala,Thane,9.16685E+11,advika480@gmail.com,Female,"58/87
Dua Circle, Thane 414183"
C008,Zinal Dass,Fatehpur,8248963834,zinal210@hotmail.com,Female,"102/17
Prakash Marg, Fatehpur 787133"
C141,Raksha Dugar,Kota,6138000307,raksha692@yahoo.com,Female,"159/72
Rajagopal Path, Kota 220863"
C053,Edhitha Jha,Begusarai,9933529042,edhitha552@yahoo.com,Female,"70/56
Zachariah Street, Begusarai 421020"
C163,Damyanti Chaudhuri,Jorhat,9646799702,damyanti409@outlook.com,Female,"H.No. 321
Rau Road, Jorhat 299606"
C125,Nicholas Hegde,Raipur,9.17786E+11,nicholas180@gmail.com,Male,"H.No. 392
Pandey Path, Raipur 792499"
C089,Devansh Chatterjee,Dindigul,9.17852E+11,,Male,"21/21
Barad Nagar, Dindigul 257872"
C009,,Giridih,9.19010E+11,pallavi324@gmail.com,Female,"160/73
Mallick Ganj, Giridih 738299"
C002,UDARSH MALL,Kozhikode,9.19542E+11,udarsh3@outlook.com,Male,"117/37
Padmanabhan Path, Kozhikode 940781"
C026,Ubika Yohannan,Morbi,9.18467E+11,ubika886@gmail.com,F,"H.No. 286
Walla Street, Morbi 069901"
C177,Ubika Cheema,Ichalkaranji,9.19174E+11,ubika280@yahoo.com,Female,"H.No. 117
Merchant Marg, Ichalkaranji 208737"
C158,LIBNI MANDA,Patiala,9.19070E+11,libni659@gmail.com,Female,"123/52
Chahal Marg, Patiala 497310"
C160,Karan Kara,Phusro,6211586938,karan130@hotmail.com,Male,"H.No. 600
Ram Nagar, Phusro 868793"
C104,Krisha Basu,Bahraich,9830284395,krisha641@outlook.com,Female,"H.No. 209
Nagi, Bahraich 342836"
C081,Vamakshi Chahal,Sri Ganganagar,9.16884E+11,vamakshi853@yahoo.com,Female,"93/23
Iyer Zila, Sri Ganganagar 237058"
C091,,Faridabad,8728962309,vritti34@yahoo.com,Female,"73/90
Halder Zila, Faridabad 075626"
C186,yahvi agrawal,Begusarai,8978292216,yahvi91@outlook.com,F,"H.No. 250
Nagy, Begusarai 866934"
C079,THEODORE BANERJEE,Jabalpur,9.17557E+11,theodore324@gmail.com,Male,"H.No. 781
Sawhney Path, Jabalpur 192856"
C018,Samesh Kothari,Kozhikode,7607337543,samesh559@gmail.com,Male,"H.No. 597
Bajwa Ganj, Kozhikode 365414"
C027,Ekanta Shenoy,Dhanbad,9653755646,ekanta696@hotmail.com,Female,"H.No. 119
Bumb Road, Dhanbad 708053"
C128,Chakrika Balasubramanian,,9.17438E+11,chakrika76@outlook.com,Female,"H.No. 602
Chowdhury Circle, Jalna 914858"
C134,WILLIAM BRAHMBHATT,Guntakal,6870051627,william926@gmail.com,Male,"113/5
Karnik Zila, Guntakal 611155"
C098,,Yamunanagar,8745499045,,Male,"H.No. 180
Bhatia Ganj, Yamunanagar 174268"
C192,Triya Yadav,Tiruchirappalli,9.18336E+11,triya885@hotmail.com,Female,"18/61
Andra Chowk, Tiruchirappalli 157399"
C165,Jagvi Ray,Hazaribagh,,jagvi94@gmail.com,Female,"25/96
Balakrishnan, Hazaribagh 233030"
C078,Omisha Merchant,Amroha,8627570596,,Female,"65/30
Bhandari Road, Amroha 165820"
C146,,Hospet,9561853747,faras671@gmail.com,Male,"H.No. 631
Dar Road, Hospet 124903"
C023,Falak Ahluwalia,Khandwa,7287083172,,Female,"H.No. 111
Wali Chowk, Khandwa 895798"
C021,Shivansh Raghavan,Tadepalligudem,,shivansh886@yahoo.com,Male,"H.No. 831
Nagy, Tadepalligudem 777387"
C051,Ekaraj Bath,Avadi,7113826758,ekaraj853@outlook.com,,"198/75
Dubey Marg, Avadi 617964"
C045,Widisha Banik,,9.19316E+11,widisha628@outlook.com,Female,"H.No. 562
Nair Nagar, Noida 045562"
C059,Parth Ahuja,Asansol,9612018366,,M,"H.No. 359
Om Chowk, Asansol 254599"
C171,Oviya Chakraborty,Raichur,6465549471,oviya624@hotmail.com,Female,"70/90
Bera Chowk, Raichur 999173"
C188,Qushi Srinivasan,Deoghar,7608106200,qushi342@yahoo.com,,"163/15
Loke Ganj, Deoghar 244204"
C004,Jason Gade,Nadiad,9.18835E+11,jason59@gmail.com,Male,"H.No. 515
Kakar Zila, Nadiad 953767"
C071,Ekantika Krishna,Ongole,9.19818E+11,ekantika250@outlook.com,Female,"H.No. 685
Din Circle, Ongole 613750"
C056,Utkarsh Tiwari,Navi Mumbai,9836736576,utkarsh607@gmail.com,Male,"110/18
Chandran Marg, Navi Mumbai 565452"
C105,MAHIKA BHAT,Purnia,7705685662,mahika950@hotmail.com,F,"179/63
Puri Road, Purnia 287334"
C011,Udyati Goswami,Surendranagar Dudhrej,9.16178E+11,udyati901@yahoo.com,F,"41/57
Ray Street, Surendranagar Dudhrej 773602"
C112,Victor Kohli,Dewas,8016668700,victor744@hotmail.com,Male,"H.No. 594
Butala Street, Dewas 765918"
C093,Jatin Mallick,Kamarhati,9437575844,jatin118@yahoo.com,M,"H.No. 273
Raghavan Zila, Kamarhati 652404"
C048,Arya Taneja,Berhampur,7533942104,arya279@hotmail.com,Female,"139/11
Bandi Chowk, Berhampur 952145"
C169,Chatura Subramaniam,Naihati,7544432830,chatura159@outlook.com,Male,"28/45
Raval, Naihati 520744"
C135,EKANTIKA RAJA,Asansol,9.17891E+11,ekantika93@hotmail.com,Female,"107/23
Savant Marg, Asansol 311219"
C001,Amaira Maharaj,Rajahmundry,9181960013,amaira493@yahoo.com,Female,"H.No. 61
Tiwari Ganj, Rajahmundry 908386"
C151,ALEXANDER MAND,Chittoor,7593213348,alexander71@yahoo.com,Male,"H.No. 833
Kanda Nagar, Chittoor 965223"
C036,Niharika Bhasin,Dhule,9.19412E+11,niharika453@outlook.com,Female,"H.No. 524
Seshadri Marg, Dhule 974034"
C131,Shravya Suri,Gangtok,9.18667E+11,shravya23@outlook.com,Female,"145/88
Sura Chowk, Gangtok 590175"
C088,Ekani Lalla,Sambhal,8060983584,ekani583@gmail.com,F,"H.No. 758
Raju Zila, Sambhal 878499"
C130,Bhanumati Panchal,Kavali,,bhanumati110@yahoo.com,Female,"92/74
Bhargava Marg, Kavali 422325"
C114,Oni Rajagopalan,Vijayawada,,oni956@hotmail.com,F,"H.No. 715
Ranganathan, Vijayawada 504773"
C005,kevin dewan,Kishanganj,6496965328,kevin984@gmail.com,,"H.No. 71
Chand Chowk, Kishanganj 012269"
C041,Mitali Sarma,Bhilai,9932480861,mitali250@yahoo.com,Female,"H.No. 6
Comar Ganj, Bhilai 712748"
C187,Pavani Menon,Guntur,9698485833,pavani537@gmail.com,Female,"80/96
Mannan Ganj, Guntur 522885"
C175,Ekani Oommen,Secunderabad,6260332309,,Female,"194/80
Gara Circle, Secunderabad 150648"
C042,Sarthak Subramanian,Latur,,sarthak225@yahoo.com,Male,"H.No. 713
Oak Marg, Latur 840449"
C107,Balhaar Guha,Nangloi Jat,9.19540E+11,balhaar96@yahoo.com,Male,"H.No. 117
Ranganathan Ganj, Nangloi Jat 385467"
C075,Vrinda Bassi,,7051531952,vrinda708@outlook.com,F,"H.No. 503
Pandey Nagar, Dindigul 852772"
C100,Brinda Choudhury,Motihari,9.16398E+11,brinda482@hotmail.com,Female,"83/86
Suresh Ganj, Motihari 187072"
C025,Sanaya Dua,,9.17659E+11,sanaya229@gmail.com,Female,"H.No. 409
Bahri, Rajkot 967054"
C061,Mitesh Bath,Tenali,6003432445,mitesh637@yahoo.com,Male,"122/86
Amble Zila, Tenali 762268"
C062,Zashil Pandya,Sikar,7607159696,zashil477@hotmail.com,Male,"H.No. 172
Mann Marg, Sikar 160529"
C184,Jasmit Sha,Karaikudi,9975711305,jasmit588@outlook.com,Female,"H.No. 428
Manne Path, Karaikudi 885102"
C111,Abeer Badal,Jorhat,6086211823,abeer283@outlook.com,Male,"130/35
Vyas Ganj, Jorhat 454615"
C057,Bhavna Chand,Tiruchirappalli,9.17153E+11,bhavna52@hotmail.com,,
C052,Qasim Kalla,Raiganj,9.19516E+11,qasim489@gmail.com,Male,"H.No. 306
Sha Zila, Raiganj 139005"
C066,Ansh Sengupta,Pondicherry,6782071518,ansh356@outlook.com,Male,"H.No. 71
Baral Street, Pondicherry 377889"
C031,Ranveer Nayar,Shimla,8273545494,ranveer442@gmail.com,Male,"H.No. 339
Anne Circle, Shimla 831367"
C074,Yasti Khurana,,,yasti530@yahoo.com,Female,"185/53
Bir Path, Jalna 888880"
C036,Niharika Bhasin,Dhule,9.19412E+11,niharika453@outlook.com,Female,"H.No. 524
Seshadri Marg, Dhule 974034"
C144,Oviya Agarwal,Aizawl,6383670241,oviya100@yahoo.com,Female,"H.No. 139
Kata Nagar, Aizawl 865719"
C055,VASUDHA BALASUBRAMANIAN,Nangloi Jat,9.17618E+11,vasudha861@outlook.com,F,"H.No. 638
Date Zila, Nangloi Jat 499856"
C172,Sai Wagle,Haridwar,,sai360@gmail.com,Female,"37/73
Buch Street, Haridwar 752500"
C162,Kai Nagarajan,Chandigarh,6868548709,kai874@yahoo.com,Male,"59/53
Virk, Chandigarh 616229"
C120,Amara Shenoy,Bahraich,8167243426,amara642@outlook.com,Female,
C132,Rushil Kamdar,Rajpur Sonarpur,9.19455E+11,rushil853@hotmail.com,Male,"H.No. 236
Bava Path, Rajpur Sonarpur 017012"
C191,Noah Shukla,Thane,9.17591E+11,noah975@outlook.com,M,"145/98
Nadkarni Zila, Thane 832818"
C159,,Bhalswa Jahangir Pur,6467741862,harinakshi503@outlook.com,Female,"21/42
Raj Path, Bhalswa Jahangir Pur 527047"
C124,JACK RAVEL,,7609379660,jack544@outlook.com,Male,"H.No. 812
Jha Ganj, Gaya 419182"
C117,Mugdha Sachdev,Guwahati,6398262244,mugdha896@outlook.com,Female,"117/2
Tailor Road, Guwahati 212646"
C082,,Amritsar,9.16679E+11,vinaya726@yahoo.com,Female,"14/71
Sengupta Zila, Amritsar 785289"
C028,ANUSHA BALASUBRAMANIAN,Kollam,7923271937,anusha595@hotmail.com,Female,"153/56
Pillay Road, Kollam 299124"
C126,Ekalinga Munshi,Mathura,9.19125E+11,ekalinga935@yahoo.com,Male,"164/33
Rajagopal, Mathura 627828"
C067,Rajata Pradhan,Munger,6590515186,rajata870@outlook.com,F,"H.No. 109
Krishnan Road, Munger 925192"
C043,falguni sekhon,Hapur,6886753396,falguni571@yahoo.com,Female,"H.No. 125
Roy Ganj, Hapur 057662"
C086,Nathaniel Khurana,Bhilai,9.17732E+11,nathaniel153@hotmail.com,M,"64/16
Dutta Ganj, Bhilai 595327"
C076,Bhavika Shankar,Durg,6030548687,bhavika96@hotmail.com,Female,"178/32
Bansal Road, Durg 345054"
C147,Falak Chand,Raurkela Industrial Township,9.18804E+11,,F,"114/31
Krish Circle, Raurkela Industrial Township 171210"
C070,Rajata Khanna,Phagwara,8738347359,rajata873@yahoo.com,Female,"H.No. 89
Shenoy Chowk, Phagwara 468862"
C007,ZEHAAN ISSAC,Dindigul,9.16881E+11,zehaan635@gmail.com,Male,"150/73
Khatri Road, Dindigul 039117"
C040,Utkarsh Chakrabarti,Nizamabad,9168087603,utkarsh425@yahoo.com,Male,"H.No. 394
Pathak Circle, Nizamabad 977034"
C064,Pushti Divan,Kota,9432921277,pushti965@yahoo.com,F,"177/81
Sen, Kota 995527"
C106,Vincent Bhardwaj,Erode,6826343517,vincent997@yahoo.com,Male,"H.No. 319
Chanda Path, Erode 830469"
C108,Nikita Lal,Anand,6717535560,nikita664@yahoo.com,Female,"184/38
Kant, Anand 204899"
C069,Isaiah Devan,Solapur,8188805929,isaiah631@outlook.com,Male,"188/76
Dube Marg, Solapur 229270"
C039,,Alwar,7967175655,,Male,"122/79
Dyal Zila, Alwar 567468"
C113,Jyoti Kakar,Gopalpur,7148902503,jyoti458@outlook.com,Female,"142/98
Dhawan, Gopalpur 614293"
C038,NIDRA RAU,Orai,6771906594,,Female,"H.No. 231
Chand Nagar, Orai 399049"
C142,Kritika Saha,Gopalpur,9.17952E+11,kritika664@gmail.com,Female,"H.No. 476
Biswas Marg, Gopalpur 744518"
C025,Sanaya Dua,,9.17659E+11,sanaya229@gmail.com,Female,"H.No. 409
Bahri, Rajkot 967054"
C183,Chanchal Tara,Satna,6701660880,chanchal407@gmail.com,F,"118/10
Modi Zila, Satna 883755"
C047,Bina Sathe,Dharmavaram,9647436713,bina642@yahoo.com,F,"20/92
Parmer Marg, Dharmavaram 944064"
C015,REVA MANE,Bahraich,9.19498E+11,reva258@gmail.com,Female,"109/36
Chhabra Zila, Bahraich 824493"
C189,Amol Parmer,Kota,8838638406,amol360@yahoo.com,Male,"38/33
Saha Marg, Kota 580043"
C057,Bhavna Chand,Tiruchirappalli,9.17153E+11,bhavna52@hotmail.com,,
C085,Krisha Ravi,Malda,9.16028E+11,krisha842@gmail.com,Female,"19/74
Munshi Street, Malda 556258"
C037,Vasana Bobal,Bilaspur,7361832421,vasana675@gmail.com,Female,"170/82
Gandhi Nagar, Bilaspur 499471"
C094,Oscar Sathe,Nangloi Jat,6384842199,oscar62@yahoo.com,Male,"H.No. 610
Kibe Ganj, Nangloi Jat 083301"
C006,Reyansh Raj,Dehri,7801845146,reyansh414@gmail.com,Male,"H.No. 584
Setty Street, Dehri 048281"
C030,Wishi Cherian,,6262849877,wishi726@outlook.com,,"138/88
Loyal Marg, Mirzapur 531473"
C123,owen soni,Bahraich,9.16514E+11,owen333@gmail.com,Male,"96/56
Varty Ganj, Bahraich 282586"
C060,Atharv Dugal,Tadipatri,6147679764,atharv800@gmail.com,M,"H.No. 254
Vala Ganj, Tadipatri 156149"
C096,Anita Ranganathan,Gaya,8004991547,anita513@outlook.com,Female,"154/6
Viswanathan Circle, Gaya 728743"
C083,Eiravati Sant,Amravati,9.17242E+11,eiravati654@outlook.com,Female,"4/74
Krishna Zila, Amravati 384249"
C087,Yahvi Morar,Lucknow,7687339500,yahvi795@outlook.com,Female,"114/39
Talwar Road, Lucknow 974801"
C116,Radha Madan,Mira-Bhayandar,9.19268E+11,radha680@yahoo.com,Female,"10/17
Pandya Zila, Mira-Bhayandar 819956"
C020,,Saharsa,7356159514,anthony683@gmail.com,Male,"144/53
More Circle, Saharsa 656482"
C161,netra brar,Visakhapatnam,9989921722,netra612@hotmail.com,Female,"155/56
Hans Ganj, Visakhapatnam 206163"
