Order_ID,Customer_ID,Product_ID,Quantity,Order_Date,Order_Time,Delivery_Date,Delivery_Time,Location,Order_Type
183,C036,54,6,2023-04-29,08:57:00,2023-04-29,18:09:42,Dhule,Takeaway
143,C186,2,4,11/05/2023,23:17:02,11/05/2023,06:19:28,Begusarai,Takeaway
411,C191,31,3,10/07/2023,05:41:20,10/07/2023,11:47:13,Thane,Home Delivery
278,C175,49,1,24-01-2023,,24-01-2023,16:15:08,Secunderabad,Drive-thru
889,C181,24,1,2023-10-25,17:26:36,2023-10-25,05:38:55,Rajkot,Dine-in
727,C169,,5,04/11/2023,19:04:55,04/11/2023,07:59:15,Naihati,Home Delivery
10,C197,,2,02/11/2023,23:03:43,02/11/2023,00:27:21,Farrukhabad,Takeaway
351,C055,59,2,21 May 2023,09:10:58,21 May 2023,13:10:38,Nangloi Jat,Drive-thru
719,C054,42,4,2023-02-10,,2023-02-10,13:10:28,Akola,Dine-in
424,C008,25,1,2023-03-25,05:19:53,2023-03-25,03:37:33,Fatehpur,Takeaway
61,C093,33,2,2023-03-04,18:48:49,2023-03-04,06:55:04,Kamarhati,Takeaway
638,C159,21,4,22-10-2023,02:38:55,22-10-2023,13:25:13,Bhalswa Jahangir Pur,Drive-thru
939,C189,13,2,19-01-2023,18:59:56,19-01-2023,22:03:49,Kota,Dine-in
778,C078,29,,2023-11-23,09:46:16,2023-11-23,11:52:20,Amroha,Takeaway
99,C153,31,3,2023-12-02,02:48:01,2023-12-02,21:32:54,Mau,Dine-in
642,C118,8,6,23-09-2023,15:36:21,23-09-2023,16:29:08,Chandrapur,Home Delivery
78,C124,30,2,24/06/2023,18:09:36,24/06/2023,18:15:53,Gaya,Home Delivery
776,C018,36,5,2023-03-02,17:00:15,2023-03-02,20:10:32,KOZHIKODE,Home Delivery
254,C126,19,2,06/04/2023,03:38:23,06/04/2023,06:38:25,Mathura,Drive-thru
75,C161,35,3,25 Nov 2023,15:44:34,25 Nov 2023,14:06:27,Visakhapatnam,Drive-thru
486,C181,56,6,26 Sep 2023,19:55:07,26 Sep 2023,22:24:14,Rajkot,Home Delivery
984,C136,,4,23/12/2023,15:24:56,23/12/2023,23:35:20,Kolhapur,Drive-thru
336,C200,50,5,25/02/2023,21:24:14,25/02/2023,21:47:15,,Dine-in
679,C064,11,6,2023-11-27,18:57:57,2023-11-27,12:24:46,Kota,Drive-thru
193,C024,,4,13/07/2023,10:54:58,13/07/2023,20:49:49,Hospet,Dine-in
633,C056,58,5,18-05-2023,18:29:24,18-05-2023,01:52:06,Navi Mumbai,Takeaway
499,C184,29,1,2023-02-19,11:18:07,2023-02-19,08:46:59,Karaikudi,Dine-in
687,C024,10,1,2023-09-10,06:36:22,2023-09-10,13:52:51,Hospet,Home Delivery
478,C092,58,4,15 Nov 2023,21:51:38,15 Nov 2023,10:37:13,Ghaziabad,Dine-in
133,C176,33,6,09-06-2023,01:26:00,09-06-2023,05:44:04,Nashik,Home Delivery
472,C004,43,1,26/02/2023,05:04:43,26/02/2023,12:54:49,Nadiad,Takeaway
98,C085,44,1,02 Aug 2023,17:57:32,02 Aug 2023,17:42:01,Malda,Dine-in
313,C183,37,6,09/02/2023,07:24:12,09/02/2023,02:25:36,Satna,Drive-thru
35,C012,23,5,23/06/2023,06:54:57,23/06/2023,,Malda,Drive-thru
931,C148,,5,29 Dec 2023,14:34:05,29 Dec 2023,19:50:47,Rewa,Drive-thru
276,C055,32,3,15/06/2023,07:03:19,15/06/2023,18:45:07,Nangloi Jat,Home Delivery
569,C166,39,1,24-05-2023,20:37:30,24-05-2023,21:24:25,Panipat,Takeaway
188,C129,53,6,12/12/2023,13:35:46,12/12/2023,18:59:34,Kota,
450,C196,50,1,08 Mar 2023,,08 Mar 2023,21:52:29,Tenali,Drive-thru
772,C062,37,2,2023-08-07,20:03:50,2023-08-07,10:11:49,Sikar,Home Delivery
592,C185,47,6,26/05/2023,03:23:54,26/05/2023,08:39:23,Rohtak,Takeaway
181,C048,59,5,2023-11-25,05:54:37,2023-11-25,00:04:51,Berhampur,Dine-in
809,C038,55,1,2023-12-08,09:29:16,2023-12-08,07:59:41,Orai,Home Delivery
829,C138,58,3,25 Aug 2023,03:45:29,25 Aug 2023,23:38:46,Thane,Dine-in
174,C185,31,3,15/04/2023,21:55:24,15/04/2023,19:58:16,Rohtak,Home Delivery
655,C067,24,3,14 Oct 2023,05:52:00,14 Oct 2023,08:58:08,Munger,Home Delivery
674,C094,27,3,21/03/2023,13:53:32,21/03/2023,09:56:28,Nangloi Jat,Dine-in
115,C013,43,5,2023-04-26,12:51:15,2023-04-26,20:20:54,Gaya,
268,C035,49,4,31/01/2023,19:35:24,31/01/2023,08:00:28,SRINAGAR,Takeaway
600,C134,27,3,2023-01-23,01:28:04,2023-01-23,07:52:11,Guntakal,Takeaway
298,C029,16,4,23 Nov 2023,22:33:16,23 Nov 2023,08:13:33,Sikar,Dine-in
654,C122,54,6,2023-02-19,23:35:43,2023-02-19,19:33:44,MADHYAMGRAM,Home Delivery
60,C141,35,3,03/06/2023,00:55:43,03/06/2023,00:42:55,Kota,Takeaway
4,C168,45,6,20/07/2023,11:38:39,20/07/2023,23:10:51,Gandhinagar,Dine-in
226,C173,32,2,21 Nov 2023,14:03:46,21 Nov 2023,17:55:51,Gangtok,Takeaway
987,C005,31,6,2023-06-06,17:54:07,2023-06-06,12:04:30,Kishanganj,Drive-thru
922,C164,30,3,2023-08-07,17:54:15,2023-08-07,01:44:31,Agartala,Home Delivery
706,C144,19,5,23 Dec 2023,01:06:11,23 Dec 2023,12:30:21,Aizawl,Takeaway
661,C168,19,6,17 May 2023,06:28:55,17 May 2023,05:54:26,Gandhinagar,Home Delivery
407,C145,50,1,27/05/2023,05:50:16,27/05/2023,22:11:03,Aurangabad,Drive-thru
631,C064,19,1,24-07-2023,18:19:46,24-07-2023,04:54:01,Kota,Dine-in
819,C158,37,4,24/09/2023,12:10:28,24/09/2023,21:20:59,Patiala,Drive-thru
614,C154,28,1,02/02/2023,08:32:28,02/02/2023,01:49:19,Ratlam,Takeaway
600,C134,27,3,2023-01-23,01:28:04,2023-01-23,07:52:11,Guntakal,Takeaway
554,C142,56,5,14-03-2023,16:00:34,14-03-2023,19:06:48,Gopalpur,Dine-in
840,C037,,1,22 Sep 2023,07:47:12,22 Sep 2023,13:27:09,Bilaspur,Takeaway
785,C057,48,,2023-04-14,14:59:06,2023-04-14,,Tiruchirappalli,Dine-in
627,C097,37,4,05-05-2023,08:48:39,05-05-2023,10:50:05,Bardhaman,Drive-thru
245,C053,18,,2023-02-02,08:06:27,2023-02-02,19:56:13,Begusarai,Takeaway
253,C048,32,6,2023-10-03,16:22:35,2023-10-03,13:34:42,Berhampur,Takeaway
273,C178,60,3,2023-08-21,05:02:05,2023-08-21,00:05:10,HUBLI–DHARWAD,Home Delivery
153,C158,50,1,04 May 2023,08:20:22,04 May 2023,02:59:08,Patiala,Dine-in
102,C005,29,3,03 Aug 2023,07:51:18,03 Aug 2023,02:37:48,Kishanganj,Drive-thru
463,C168,54,1,25 Jan 2023,10:46:02,25 Jan 2023,22:27:03,Gandhinagar,Drive-thru
780,C196,40,5,17/05/2023,,17/05/2023,17:53:28,Tenali,Takeaway
828,C010,42,2,04/09/2023,14:06:11,04/09/2023,22:06:02,Jhansi,Drive-thru
372,C171,38,2,13-07-2023,20:07:45,13-07-2023,11:45:34,Raichur,Home Delivery
165,C063,17,2,19/06/2023,19:02:53,19/06/2023,17:11:20,Aligarh,Drive-thru
765,C048,13,5,2023-08-23,05:30:28,2023-08-23,10:22:15,Berhampur,Dine-in
324,C145,51,3,2023-11-15,15:45:06,2023-11-15,20:18:13,Aurangabad,Drive-thru
915,C174,45,,10/06/2023,05:57:19,10/06/2023,08:27:21,Kamarhati,Dine-in
332,C130,9,6,21-07-2023,11:00:15,21-07-2023,11:19:25,Kavali,Dine-in
242,C119,15,4,2023-11-19,12:12:07,2023-11-19,11:39:19,Nangloi Jat,Takeaway
896,C178,60,5,05/06/2023,23:04:45,05/06/2023,06:50:17,Hubli–Dharwad,Dine-in
279,C005,8,2,14/08/2023,03:21:25,14/08/2023,11:13:09,Kishanganj,Dine-in
36,C179,31,6,04-04-2023,17:06:53,04-04-2023,10:28:14,Bhiwandi,Dine-in
524,C163,46,6,28-11-2023,,28-11-2023,01:56:08,Jorhat,Takeaway
580,C027,46,5,21-11-2023,06:25:57,21-11-2023,13:30:05,Dhanbad,Home Delivery
167,C097,44,5,2023-11-05,17:37:05,2023-11-05,10:41:04,Bardhaman,Dine-in
468,C030,51,1,12 Sep 2023,08:42:53,12 Sep 2023,10:49:33,Mirzapur,Takeaway
503,C101,14,4,08 Apr 2023,19:20:08,08 Apr 2023,,AIZAWL,Dine-in
826,C088,26,6,2023-10-19,23:33:32,2023-10-19,21:54:02,Sambhal,Takeaway
100,C150,31,2,26 Sep 2023,15:15:47,26 Sep 2023,22:03:38,Gurgaon,Takeaway
160,C143,32,1,2023-06-26,02:04:44,2023-06-26,09:24:42,Jalna,Home Delivery
196,C059,14,6,2023-10-18,22:23:54,2023-10-18,01:47:40,Asansol,Home Delivery
540,C076,58,6,09-04-2023,07:36:18,09-04-2023,10:44:24,Durg,Dine-in
104,C181,9,5,17 Apr 2023,22:18:12,17 Apr 2023,01:41:36,Rajkot,Drive-thru
562,C172,42,2,21 Feb 2023,,21 Feb 2023,20:58:22,Haridwar,Dine-in
831,C054,37,6,19-06-2023,21:02:08,19-06-2023,03:50:17,Akola,Dine-in
793,C119,54,6,20-08-2023,,20-08-2023,06:03:06,Nangloi Jat,Dine-in
697,C171,14,1,2023-05-01,11:26:50,2023-05-01,04:15:44,Raichur,Home Delivery
730,C197,36,6,11-05-2023,16:51:35,11-05-2023,10:46:03,Farrukhabad,Drive-thru
316,C190,33,1,23/01/2023,07:46:38,23/01/2023,23:42:45,Jammu,Takeaway
381,C148,42,6,26/04/2023,03:54:52,26/04/2023,,Rewa,Drive-thru
145,C139,4,1,30-08-2023,03:02:11,30-08-2023,20:32:05,TIRUPATI,Home Delivery
258,C043,6,5,16/01/2023,19:08:59,16/01/2023,02:24:51,Hapur,Home Delivery
58,C035,55,,20/08/2023,08:37:14,20/08/2023,07:52:42,Srinagar,Drive-thru
794,C047,50,5,23/12/2023,09:02:08,23/12/2023,15:19:01,Dharmavaram,Drive-thru
837,C096,51,1,14-04-2023,08:15:19,14-04-2023,02:03:46,Gaya,Drive-thru
494,C128,29,3,2023-03-02,10:34:21,2023-03-02,22:23:57,JALNA,Dine-in
923,C042,50,1,22/05/2023,01:50:44,22/05/2023,03:13:28,Latur,Drive-thru
224,C152,35,2,16-12-2023,09:04:38,16-12-2023,23:19:57,Tezpur,Drive-thru
737,C186,21,4,2023-03-30,21:35:03,2023-03-30,23:23:10,Begusarai,Dine-in
951,C055,49,1,31-10-2023,21:45:22,31-10-2023,08:48:17,Nangloi Jat,Home Delivery
397,C172,23,5,2023-07-31,04:06:41,2023-07-31,05:57:43,Haridwar,Dine-in
206,C022,50,5,2023-06-01,16:31:01,2023-06-01,14:12:56,Tiruchirappalli,Dine-in
48,C164,51,1,08 Feb 2023,11:10:49,08 Feb 2023,23:09:15,Agartala,Home Delivery
459,C043,59,4,10/01/2023,03:06:47,10/01/2023,04:50:54,Hapur,Takeaway
30,C062,37,4,2023-04-06,12:13:58,2023-04-06,12:19:20,Sikar,Home Delivery
57,C157,19,6,09/09/2023,00:33:09,09/09/2023,10:28:47,Gandhinagar,Dine-in
391,C052,7,1,16/04/2023,15:45:33,16/04/2023,12:32:42,Raiganj,Home Delivery
445,C136,20,4,28 Jan 2023,21:13:21,28 Jan 2023,20:38:34,Kolhapur,Takeaway
187,C005,34,6,21 May 2023,05:00:59,21 May 2023,13:10:26,Kishanganj,Dine-in
555,C002,37,5,21/07/2023,05:58:45,21/07/2023,20:24:25,Kozhikode,Home Delivery
963,C198,41,,17 Apr 2023,03:47:39,17 Apr 2023,11:03:23,Navi Mumbai,
647,C180,49,3,06-07-2023,23:58:21,06-07-2023,17:38:55,Rourkela,Home Delivery
758,C140,34,3,08/10/2023,14:14:41,08/10/2023,,Rourkela,Takeaway
911,C025,,5,23/11/2023,01:35:11,23/11/2023,16:32:17,Rajkot,Drive-thru
613,C100,41,1,2023-02-16,23:10:25,2023-02-16,19:01:12,Motihari,
900,C158,18,3,12 May 2023,23:04:56,12 May 2023,14:44:54,Patiala,Dine-in
144,C149,5,1,05 Aug 2023,17:53:52,05 Aug 2023,08:34:51,ELURU,Dine-in
910,C074,60,4,15 Jul 2023,06:32:17,15 Jul 2023,21:32:23,Jalna,Dine-in
195,C112,42,3,2023-10-17,07:52:53,2023-10-17,08:47:00,DEWAS,Dine-in
303,C109,45,4,2023-02-12,06:55:22,2023-02-12,01:40:41,Ozhukarai,Home Delivery
696,C124,41,3,12-04-2023,18:20:03,12-04-2023,21:37:00,Gaya,Dine-in
201,C099,49,6,13-03-2023,08:48:11,13-03-2023,18:36:01,Srikakulam,Home Delivery
221,C123,21,2,23-07-2023,07:35:27,23-07-2023,12:24:22,Bahraich,Home Delivery
848,C139,23,5,2023-06-13,,2023-06-13,21:48:38,Tirupati,Takeaway
501,C012,58,2,10/09/2023,06:15:11,10/09/2023,02:39:24,Malda,Drive-thru
371,C167,21,2,2023-12-29,11:17:27,2023-12-29,04:11:50,Kharagpur,Takeaway
247,C172,56,4,28-09-2023,08:44:35,28-09-2023,15:30:42,Haridwar,Drive-thru
154,C026,39,1,17 Aug 2023,10:47:03,17 Aug 2023,23:50:36,Morbi,Takeaway
139,C147,35,2,26-03-2023,09:26:37,26-03-2023,14:10:13,Raurkela Industrial Township,Drive-thru
551,C170,2,4,22/03/2023,16:21:30,22/03/2023,06:03:51,Ballia,
281,C071,6,6,2023-07-04,,2023-07-04,16:11:46,Ongole,Dine-in
209,C114,24,3,22/02/2023,04:49:48,22/02/2023,,Vijayawada,Dine-in
548,C165,47,5,02 Feb 2023,21:29:43,02 Feb 2023,09:18:35,Hazaribagh,Dine-in
505,C118,43,5,16-09-2023,19:14:50,16-09-2023,15:34:05,Chandrapur,Drive-thru
761,C014,30,6,05-01-2023,11:30:30,05-01-2023,11:33:20,Tenali,Drive-thru
907,C014,11,4,2023-07-24,09:35:11,2023-07-24,15:30:25,Tenali,Home Delivery
287,C178,9,4,2023-02-06,16:32:53,2023-02-06,21:35:35,Hubli–Dharwad,Drive-thru
518,C069,49,2,27-05-2023,11:54:21,27-05-2023,10:23:39,Solapur,Takeaway
615,C095,6,5,20 Jan 2023,13:29:29,20 Jan 2023,05:58:45,Durgapur,Drive-thru
357,C070,12,1,13 Jun 2023,01:35:18,13 Jun 2023,04:31:24,Phagwara,Dine-in
566,C183,48,6,2023-08-12,18:29:29,2023-08-12,09:27:00,Satna,Home Delivery
799,C135,46,4,2023-09-19,06:51:08,2023-09-19,,Asansol,Drive-thru
624,C148,1,3,31-03-2023,06:01:39,31-03-2023,03:29:43,Rewa,Dine-in
574,C119,33,5,16-02-2023,12:22:12,16-02-2023,23:30:23,Nangloi Jat,Home Delivery
890,C037,47,6,27-09-2023,09:00:16,27-09-2023,01:14:03,BILASPUR,Drive-thru
871,C056,53,2,25/10/2023,19:51:40,25/10/2023,05:47:21,Navi Mumbai,Takeaway
182,C020,53,6,25 Jan 2023,07:09:57,25 Jan 2023,22:07:13,Saharsa,Drive-thru
16,C052,52,5,12-03-2023,00:42:47,12-03-2023,17:45:21,Raiganj,Dine-in
14,C080,52,4,10/04/2023,13:40:28,10/04/2023,07:47:37,Indore,Drive-thru
24,C115,40,1,10 Feb 2023,04:08:40,10 Feb 2023,19:55:37,Bhimavaram,Home Delivery
590,C162,33,1,21/10/2023,20:22:39,21/10/2023,08:56:52,Chandigarh,Dine-in
833,C147,39,4,06 Apr 2023,16:42:10,06 Apr 2023,16:10:55,Raurkela Industrial Township,Home Delivery
456,C017,53,1,02-06-2023,09:46:10,02-06-2023,11:44:38,Warangal,Drive-thru
469,C200,17,5,14-04-2023,06:05:23,14-04-2023,03:07:12,Firozabad,Drive-thru
584,C124,57,5,04 Jan 2023,00:50:53,04 Jan 2023,01:10:21,Gaya,Drive-thru
83,C064,56,2,2023-06-17,21:41:18,2023-06-17,10:55:04,Kota,Takeaway
420,C095,53,4,2023-09-16,07:52:26,2023-09-16,08:01:46,Durgapur,Dine-in
622,C141,19,6,2023-10-14,01:32:47,2023-10-14,23:15:30,Kota,Home Delivery
170,C049,48,1,03-09-2023,08:22:09,03-09-2023,14:35:49,Panvel,Takeaway
23,C036,3,3,30 Aug 2023,16:56:55,30 Aug 2023,16:48:30,Dhule,Drive-thru
986,C056,9,3,01/06/2023,09:45:04,01/06/2023,21:59:59,Navi Mumbai,Dine-in
317,C012,31,3,16/07/2023,03:25:09,16/07/2023,02:23:01,Malda,Takeaway
710,C117,1,6,17-09-2023,21:14:41,17-09-2023,12:25:53,Guwahati,Takeaway
215,C038,5,,11/08/2023,19:59:40,11/08/2023,03:38:59,Orai,Drive-thru
17,C165,31,3,11 Oct 2023,,11 Oct 2023,04:10:30,Hazaribagh,Dine-in
514,C182,42,2,15-09-2023,08:59:13,15-09-2023,02:44:41,Shimla,Dine-in
641,C139,3,5,27-06-2023,01:41:05,27-06-2023,05:20:07,Tirupati,Takeaway
346,C176,41,6,13-02-2023,07:32:45,13-02-2023,,Nashik,Dine-in
262,C140,14,4,22 Feb 2023,01:42:00,22 Feb 2023,19:17:32,Rourkela,Home Delivery
873,C158,37,4,11 Apr 2023,15:30:40,11 Apr 2023,02:55:57,Patiala,Home Delivery
211,C007,6,3,2023-10-11,06:50:39,2023-10-11,14:16:21,Dindigul,Home Delivery
881,C093,54,4,20-03-2023,04:00:38,20-03-2023,16:40:43,Kamarhati,Takeaway
379,C113,47,4,27/03/2023,05:34:43,27/03/2023,22:09:28,Gopalpur,Drive-thru
31,C018,34,5,17-09-2023,13:17:15,17-09-2023,20:19:37,KOZHIKODE,Drive-thru
331,C180,58,3,2023-08-23,16:23:06,2023-08-23,04:23:29,Rourkela,Dine-in
806,C105,29,1,04-11-2023,18:38:12,04-11-2023,21:26:06,Purnia,Takeaway
214,C044,9,3,04/06/2023,08:09:06,04/06/2023,03:37:24,,Drive-thru
886,C099,23,2,2023-04-06,02:41:26,2023-04-06,03:42:00,Srikakulam,Dine-in
299,C093,,3,09 Mar 2023,11:30:07,09 Mar 2023,16:58:18,Kamarhati,Drive-thru
701,C024,44,5,23-06-2023,13:38:38,23-06-2023,09:26:56,Hospet,Dine-in
80,C195,24,5,15-10-2023,11:45:00,15-10-2023,05:50:50,Hospet,Home Delivery
417,C035,50,5,2023-10-19,04:20:02,2023-10-19,18:13:13,Srinagar,Takeaway
37,C184,50,4,19 Jan 2023,02:59:33,19 Jan 2023,20:39:59,Karaikudi,Takeaway
431,C002,33,6,11/07/2023,09:12:45,11/07/2023,19:00:46,Kozhikode,Home Delivery
537,C011,44,3,15/07/2023,11:17:27,15/07/2023,11:58:30,Surendranagar Dudhrej,Drive-thru
690,C019,35,4,2023-04-03,21:11:24,2023-04-03,03:06:24,Bhopal,Home Delivery
162,C048,49,5,31 Aug 2023,04:26:29,31 Aug 2023,03:27:16,Berhampur,Takeaway
155,C190,3,4,13/08/2023,00:16:13,13/08/2023,,Jammu,Takeaway
498,C144,50,5,04 Nov 2023,22:00:09,04 Nov 2023,08:55:38,Aizawl,Home Delivery
177,C040,13,3,28/04/2023,07:41:47,28/04/2023,03:45:49,,Takeaway
529,C182,60,2,2023-01-21,23:56:20,2023-01-21,02:16:31,Shimla,Home Delivery
789,C134,7,4,22/08/2023,08:24:54,22/08/2023,18:03:02,Guntakal,Takeaway
726,C043,51,,09/10/2023,10:02:55,09/10/2023,07:29:24,Hapur,Home Delivery
767,C101,48,2,10/01/2023,20:35:39,10/01/2023,,Aizawl,Home Delivery
828,C010,42,2,04/09/2023,14:06:11,04/09/2023,22:06:02,Jhansi,Drive-thru
402,C052,53,6,17 Mar 2023,00:01:39,17 Mar 2023,14:16:30,Raiganj,Home Delivery
916,C018,1,4,20/02/2023,20:33:20,20/02/2023,19:00:07,Kozhikode,Drive-thru
660,C021,11,3,27 Apr 2023,07:50:26,27 Apr 2023,02:08:08,Tadepalligudem,
609,C095,36,5,2023-09-05,22:12:14,2023-09-05,14:15:13,Durgapur,Home Delivery
786,C046,60,4,2023-11-12,11:35:14,2023-11-12,05:57:30,Tirunelveli,Home Delivery
86,C062,14,5,30/06/2023,04:05:59,30/06/2023,07:18:27,Sikar,Dine-in
591,C043,17,2,22-09-2023,14:25:53,22-09-2023,21:42:52,Hapur,Dine-in
79,C184,21,6,26-06-2023,09:01:19,26-06-2023,,Karaikudi,Takeaway
714,C083,27,6,14-06-2023,14:59:51,14-06-2023,07:27:26,Amravati,Dine-in
960,C184,32,5,2023-02-15,20:12:55,2023-02-15,00:02:35,Karaikudi,Home Delivery
388,C170,,3,2023-05-02,18:50:03,2023-05-02,06:49:43,Ballia,Dine-in
670,C084,56,4,28 Aug 2023,10:54:06,28 Aug 2023,15:31:32,Tirunelveli,Drive-thru
787,C118,57,2,07-08-2023,04:07:14,07-08-2023,22:45:54,Chandrapur,Dine-in
559,C172,52,5,2023-01-28,12:42:33,2023-01-28,22:30:23,Haridwar,Dine-in
942,C010,22,1,2023-06-22,17:24:51,2023-06-22,03:48:32,Jhansi,Drive-thru
864,C159,16,5,2023-03-23,03:45:57,2023-03-23,00:43:43,Bhalswa Jahangir Pur,Drive-thru
341,C038,6,6,2023-05-08,22:29:22,2023-05-08,12:58:30,Orai,Drive-thru
327,C163,54,6,2023-01-05,19:28:13,2023-01-05,19:43:36,Jorhat,Dine-in
322,C120,56,3,09/06/2023,02:20:35,09/06/2023,04:52:06,Bahraich,Dine-in
465,C180,10,2,22/12/2023,20:08:09,22/12/2023,02:10:57,Rourkela,Home Delivery
682,C049,55,1,2023-04-04,09:33:05,2023-04-04,18:38:04,Panvel,Home Delivery
85,C079,32,1,16/02/2023,09:15:21,16/02/2023,23:39:29,Jabalpur,Drive-thru
18,C073,,2,20/05/2023,13:34:12,20/05/2023,,Jalgaon,Takeaway
123,C117,42,5,26-09-2023,21:45:27,26-09-2023,03:00:19,Guwahati,Takeaway
919,C154,41,1,2023-12-29,18:30:14,2023-12-29,14:55:21,Ratlam,Dine-in
930,C171,25,3,19-03-2023,16:57:24,19-03-2023,10:17:53,Raichur,Drive-thru
490,C165,60,2,16 Sep 2023,15:07:20,16 Sep 2023,19:33:16,Hazaribagh,Drive-thru
258,C043,6,5,16/01/2023,19:08:59,16/01/2023,02:24:51,Hapur,Home Delivery
693,C189,,1,2023-09-24,11:58:16,2023-09-24,05:24:15,Kota,Drive-thru
93,C194,10,2,2023-11-05,16:21:26,2023-11-05,02:28:08,Kakinada,Dine-in
290,C136,37,1,2023-11-09,23:03:23,2023-11-09,22:35:04,Kolhapur,Drive-thru
421,C175,2,2,2023-07-10,19:53:53,2023-07-10,,Secunderabad,Drive-thru
625,C144,5,5,31 May 2023,20:59:04,31 May 2023,15:57:32,AIZAWL,Dine-in
563,C050,21,4,19-08-2023,20:20:13,19-08-2023,,Malda,Home Delivery
425,C166,15,6,16-04-2023,09:41:57,16-04-2023,03:24:35,Panipat,Drive-thru
429,C097,55,3,24/08/2023,02:45:52,24/08/2023,05:04:27,Bardhaman,Takeaway
771,C187,25,5,14/12/2023,02:28:32,14/12/2023,,Guntur,Drive-thru
731,C115,26,1,18 Jan 2023,23:19:29,18 Jan 2023,05:33:31,Bhimavaram,Dine-in
593,C115,39,4,04-09-2023,02:56:41,04-09-2023,23:32:32,BHIMAVARAM,Takeaway
805,C061,14,5,2023-12-04,22:37:44,2023-12-04,06:10:13,Tenali,Drive-thru
272,C116,5,6,17-02-2023,04:51:05,17-02-2023,19:02:12,Mira-Bhayandar,Home Delivery
308,C080,,6,03-12-2023,10:17:39,03-12-2023,00:08:56,,Dine-in
112,C183,6,3,2023-08-15,16:57:31,2023-08-15,05:53:10,Satna,Drive-thru
888,C140,37,3,18 Jan 2023,16:01:13,18 Jan 2023,16:48:38,Rourkela,Drive-thru
374,C047,39,3,10/11/2023,16:42:18,10/11/2023,08:02:29,Dharmavaram,Dine-in
564,C178,38,2,17 Oct 2023,21:25:04,17 Oct 2023,22:53:00,Hubli–Dharwad,Home Delivery
587,C107,52,3,28 Feb 2023,06:36:35,28 Feb 2023,03:35:29,Nangloi Jat,Drive-thru
300,C094,35,6,30-03-2023,07:48:21,30-03-2023,10:59:21,Nangloi Jat,Dine-in
945,C126,42,1,30 Aug 2023,10:42:30,30 Aug 2023,08:30:29,Mathura,Takeaway
504,C194,27,,21/11/2023,17:46:54,21/11/2023,03:11:00,Kakinada,Drive-thru
203,C155,50,5,2023-11-01,13:08:21,2023-11-01,00:51:31,Ajmer,Home Delivery
267,C181,19,,21/10/2023,21:33:07,21/10/2023,09:19:38,Rajkot,Dine-in
649,C185,18,2,12 Oct 2023,18:36:08,12 Oct 2023,06:02:51,Rohtak,Drive-thru
326,C002,60,4,13 Jan 2023,06:01:58,13 Jan 2023,09:33:21,Kozhikode,Home Delivery
390,C093,1,4,14-02-2023,10:53:18,14-02-2023,11:32:51,,Drive-thru
8,C055,22,4,09/04/2023,07:09:07,09/04/2023,03:01:18,Nangloi Jat,Takeaway
441,C168,6,2,01/07/2023,14:21:04,01/07/2023,,Gandhinagar,Home Delivery
122,C077,37,5,2023-02-24,13:53:39,2023-02-24,19:47:04,Gandhidham,Home Delivery
651,C046,27,4,10-03-2023,07:52:00,10-03-2023,04:38:59,Tirunelveli,Drive-thru
344,C119,7,2,04-03-2023,06:39:29,04-03-2023,10:17:54,Nangloi Jat,Dine-in
739,C200,4,3,2023-06-28,04:57:05,2023-06-28,06:44:55,Firozabad,Drive-thru
238,C122,7,4,23 Dec 2023,03:59:02,23 Dec 2023,05:58:08,Madhyamgram,Home Delivery
173,C067,24,5,12-09-2023,,12-09-2023,12:50:41,Munger,Dine-in
602,C035,17,4,2023-04-30,16:57:46,2023-04-30,15:12:30,Srinagar,Home Delivery
897,C162,31,5,2023-03-28,03:54:10,2023-03-28,,Chandigarh,Home Delivery
103,C177,14,4,14-09-2023,11:20:30,14-09-2023,,Ichalkaranji,Dine-in
69,C182,15,3,23/09/2023,06:45:40,23/09/2023,09:23:25,Shimla,Dine-in
988,C147,48,,13 Jan 2023,06:09:19,13 Jan 2023,16:41:41,Raurkela Industrial Township,Drive-thru
623,C071,15,5,10 Apr 2023,06:59:49,10 Apr 2023,06:43:08,Ongole,Drive-thru
274,C149,1,6,17/02/2023,23:02:49,17/02/2023,10:50:49,Eluru,Home Delivery
918,C009,2,5,17 Feb 2023,10:28:43,17 Feb 2023,03:46:50,Giridih,Takeaway
277,C141,37,2,2023-10-17,20:03:28,2023-10-17,16:35:20,Kota,Home Delivery
251,C030,12,3,2023-12-22,03:17:02,2023-12-22,13:24:35,Mirzapur,Drive-thru
333,C112,43,2,02/05/2023,18:41:43,02/05/2023,18:43:00,Dewas,
94,C012,3,2,20-06-2023,12:33:07,20-06-2023,04:08:12,Malda,Drive-thru
695,C191,60,5,24/09/2023,00:37:46,24/09/2023,04:09:54,Thane,Home Delivery
835,C106,6,4,02-05-2023,22:11:46,02-05-2023,02:26:58,Erode,Drive-thru
595,C043,47,6,25-06-2023,12:28:49,25-06-2023,04:15:30,Hapur,Dine-in
368,C151,46,2,26-02-2023,08:19:17,26-02-2023,11:30:22,Chittoor,Dine-in
423,C042,54,3,19 Dec 2023,08:20:33,19 Dec 2023,23:11:58,,Home Delivery
803,C031,58,,14 Apr 2023,19:06:37,14 Apr 2023,10:44:35,Shimla,Home Delivery
766,C064,60,5,06 Jun 2023,07:52:43,06 Jun 2023,13:20:24,Kota,
936,C166,13,2,11-10-2023,04:18:15,11-10-2023,04:08:36,Panipat,Drive-thru
965,C046,11,6,2023-01-23,14:31:01,2023-01-23,05:53:12,Tirunelveli,Home Delivery
304,C022,,1,2023-09-19,,2023-09-19,04:09:15,Tiruchirappalli,Takeaway
295,C064,,5,04 Nov 2023,21:46:15,04 Nov 2023,17:30:26,Kota,Dine-in
716,C009,13,1,06-09-2023,01:59:46,06-09-2023,22:22:19,Giridih,Dine-in
296,C169,57,3,16/04/2023,15:55:45,16/04/2023,05:50:58,Naihati,Drive-thru
954,C149,3,2,21/02/2023,17:11:08,21/02/2023,00:35:27,Eluru,Takeaway
618,C050,,5,19/09/2023,06:33:18,19/09/2023,11:37:56,Malda,Takeaway
862,C183,51,1,16-06-2023,12:01:09,16-06-2023,16:04:00,Satna,Home Delivery
491,C043,5,4,14 Jun 2023,14:38:05,14 Jun 2023,14:35:19,Hapur,Home Delivery
535,C056,49,5,29 Sep 2023,22:09:27,29 Sep 2023,02:43:40,Navi Mumbai,Dine-in
5,C080,36,,2023-11-26,04:18:16,2023-11-26,20:12:20,Indore,Takeaway
95,C039,39,5,13-03-2023,17:37:44,13-03-2023,21:50:52,Alwar,Home Delivery
777,C038,47,1,13 Jun 2023,02:51:15,13 Jun 2023,14:25:23,Orai,Drive-thru
610,C148,23,6,23/07/2023,23:25:00,23/07/2023,14:16:08,Rewa,Dine-in
129,C123,21,2,04-01-2023,03:30:02,04-01-2023,09:28:47,Bahraich,Drive-thru
702,C092,42,,2023-12-26,22:55:08,2023-12-26,10:25:30,Ghaziabad,Takeaway
49,C132,52,6,2023-12-14,,2023-12-14,15:04:29,Rajpur Sonarpur,Dine-in
356,C123,35,4,26/06/2023,19:02:34,26/06/2023,19:26:37,Bahraich,Drive-thru
270,C064,49,6,2023-07-21,05:37:56,2023-07-21,20:14:53,Kota,Takeaway
937,C170,13,3,23-12-2023,12:58:01,23-12-2023,,Ballia,Dine-in
132,C171,8,4,2023-06-07,10:29:51,2023-06-07,22:27:02,Raichur,Drive-thru
861,C155,37,2,18 Sep 2023,16:57:30,18 Sep 2023,04:12:56,Ajmer,Drive-thru
496,C155,40,6,2023-06-05,11:48:30,2023-06-05,01:51:29,Ajmer,Drive-thru
594,C106,39,,26-10-2023,12:29:24,26-10-2023,21:01:28,Erode,Home Delivery
950,C031,44,5,07-10-2023,19:09:07,07-10-2023,16:15:38,Shimla,Home Delivery
323,C142,30,1,08/07/2023,18:07:29,08/07/2023,21:34:58,Gopalpur,Home Delivery
575,C129,1,6,03 May 2023,18:29:56,03 May 2023,15:41:43,,Takeaway
746,C022,26,5,2023-08-11,02:06:25,2023-08-11,,Tiruchirappalli,Takeaway
822,C158,27,4,24/01/2023,20:02:44,24/01/2023,20:19:35,Patiala,Home Delivery
839,C088,60,4,26-09-2023,22:58:32,26-09-2023,00:50:53,Sambhal,Home Delivery
401,C050,9,1,05 Aug 2023,01:12:03,05 Aug 2023,12:28:25,Malda,Drive-thru
832,C039,18,1,23/06/2023,21:31:27,23/06/2023,,Alwar,Takeaway
816,C028,37,6,19/11/2023,09:34:10,19/11/2023,17:28:02,Kollam,Drive-thru
944,C190,38,2,2023-02-06,04:00:23,2023-02-06,03:14:39,Jammu,Takeaway
658,C021,25,5,27-05-2023,,27-05-2023,10:56:58,Tadepalligudem,Takeaway
875,C023,38,,10 Nov 2023,15:04:37,10 Nov 2023,00:50:16,KHANDWA,Takeaway
853,C181,39,5,19 Nov 2023,06:21:05,19 Nov 2023,06:48:40,Rajkot,Home Delivery
467,C108,54,1,19-09-2023,13:54:48,19-09-2023,18:14:23,Anand,Home Delivery
729,C186,21,5,04/05/2023,16:11:00,04/05/2023,17:16:04,Begusarai,Drive-thru
67,C197,9,4,2023-09-15,16:44:42,2023-09-15,18:25:22,Farrukhabad,Dine-in
150,C077,30,6,06-10-2023,04:17:52,06-10-2023,14:53:41,Gandhidham,Drive-thru
663,C043,12,1,06 Mar 2023,19:03:54,06 Mar 2023,19:23:02,Hapur,Home Delivery
742,C084,33,6,24-04-2023,14:00:23,24-04-2023,03:52:46,Tirunelveli,Dine-in
82,C037,7,1,2023-05-29,00:41:08,2023-05-29,13:10:07,Bilaspur,Drive-thru
76,C063,52,6,27/07/2023,01:38:01,27/07/2023,04:59:17,Aligarh,Drive-thru
671,C035,45,5,2023-04-01,07:24:35,2023-04-01,22:23:26,Srinagar,Drive-thru
186,C005,1,5,2023-10-10,08:42:56,2023-10-10,,Kishanganj,Dine-in
492,C072,4,5,25/04/2023,05:43:18,25/04/2023,17:27:27,Noida,Drive-thru
382,C019,,1,2023-05-31,19:23:21,2023-05-31,11:11:10,Bhopal,Home Delivery
38,C012,51,2,22-01-2023,12:37:37,22-01-2023,23:58:31,Malda,Home Delivery
854,C080,22,2,10 Dec 2023,21:24:37,10 Dec 2023,08:04:59,Indore,Drive-thru
846,C172,8,3,18/03/2023,03:16:30,18/03/2023,22:08:42,Haridwar,Home Delivery
117,C002,36,2,28/07/2023,21:54:10,28/07/2023,13:32:17,Kozhikode,Drive-thru
707,C146,12,5,2023-06-28,11:17:36,2023-06-28,18:18:03,Hospet,Drive-thru
976,C009,45,,31 Jan 2023,06:18:15,31 Jan 2023,04:51:54,Giridih,Takeaway
77,C019,,1,2023-03-22,05:59:22,2023-03-22,23:45:35,Bhopal,Drive-thru
27,C062,27,6,15-11-2023,23:34:21,15-11-2023,13:52:54,Sikar,Dine-in
192,C179,15,3,17/12/2023,08:16:06,17/12/2023,07:13:00,Bhiwandi,Dine-in
636,C200,7,1,10 Feb 2023,08:33:13,10 Feb 2023,,Firozabad,Dine-in
924,C100,22,1,13-05-2023,00:46:17,13-05-2023,08:32:34,Motihari,Takeaway
628,C175,30,5,15-01-2023,18:34:43,15-01-2023,08:06:07,Secunderabad,Dine-in
138,C020,59,5,27-02-2023,10:55:54,27-02-2023,05:46:13,Saharsa,Takeaway
659,C043,41,3,2023-08-04,21:37:54,2023-08-04,05:53:45,Hapur,Dine-in
720,C093,36,6,01-08-2023,10:33:40,01-08-2023,06:27:27,Kamarhati,Dine-in
800,C141,,1,2023-03-29,02:13:53,2023-03-29,04:11:41,Kota,Takeaway
688,C108,20,4,10 Jul 2023,22:25:03,10 Jul 2023,00:21:15,Anand,Dine-in
202,C014,7,4,29-04-2023,16:58:20,29-04-2023,20:57:18,Tenali,Home Delivery
471,C177,60,4,19/06/2023,18:26:07,19/06/2023,13:18:48,Ichalkaranji,Dine-in
769,C161,17,4,2023-01-16,13:49:15,2023-01-16,22:37:24,Visakhapatnam,Takeaway
208,C082,24,1,16 Feb 2023,,16 Feb 2023,04:53:47,Amritsar,Home Delivery
578,C068,24,2,2023-01-22,00:22:58,2023-01-22,17:27:15,Hindupur,Home Delivery
54,C102,21,,23-05-2023,11:32:32,23-05-2023,23:28:46,Sultan Pur Majra,Dine-in
549,C092,60,5,24/02/2023,22:42:36,24/02/2023,08:17:48,Ghaziabad,Home Delivery
935,C137,55,3,11-02-2023,20:45:15,11-02-2023,15:57:11,Gorakhpur,Home Delivery
60,C141,35,3,03/06/2023,00:55:43,03/06/2023,00:42:55,Kota,Takeaway
751,C083,23,5,2023-12-02,13:46:59,2023-12-02,07:57:51,Amravati,Home Delivery
380,C097,23,5,12/07/2023,10:05:09,12/07/2023,08:38:12,Bardhaman,Drive-thru
770,C039,22,4,2023-12-03,17:53:44,2023-12-03,18:38:11,Alwar,Dine-in
572,C010,36,3,2023-10-06,12:50:11,2023-10-06,01:51:31,Jhansi,Takeaway
358,C200,18,1,30/08/2023,08:16:55,30/08/2023,18:34:38,Firozabad,Takeaway
318,C010,36,6,02 Dec 2023,05:23:32,02 Dec 2023,17:31:28,Jhansi,Takeaway
589,C063,3,2,21 Oct 2023,05:38:08,21 Oct 2023,00:30:30,Aligarh,Takeaway
531,C147,36,3,2023-02-07,,2023-02-07,01:44:43,Raurkela Industrial Township,Takeaway
84,C196,11,4,2023-09-21,14:10:55,2023-09-21,00:32:15,Tenali,Drive-thru
179,C196,53,,25 Nov 2023,03:57:01,25 Nov 2023,12:32:56,Tenali,Drive-thru
137,C175,49,5,11/02/2023,08:51:11,11/02/2023,12:31:42,Secunderabad,Home Delivery
50,C037,55,5,14-12-2023,17:15:10,14-12-2023,20:24:33,Bilaspur,Dine-in
902,C045,17,6,01-05-2023,19:41:27,01-05-2023,13:49:56,Noida,Takeaway
53,C095,24,4,09 Feb 2023,10:34:19,09 Feb 2023,08:08:16,Durgapur,Home Delivery
506,C002,34,6,25 Jan 2023,20:52:40,25 Jan 2023,15:17:30,Kozhikode,Drive-thru
434,C039,34,2,30 Jan 2023,17:37:34,30 Jan 2023,13:26:25,Alwar,Home Delivery
21,C099,6,3,25-04-2023,13:52:51,25-04-2023,10:59:30,Srikakulam,Home Delivery
781,C060,44,1,03-07-2023,00:41:31,03-07-2023,09:36:30,Tadipatri,Drive-thru
763,C005,19,6,17-07-2023,17:15:31,17-07-2023,08:32:22,Kishanganj,Drive-thru
956,C046,60,1,28 Dec 2023,09:15:53,28 Dec 2023,16:46:06,Tirunelveli,Drive-thru
652,C077,17,5,18/10/2023,01:19:59,18/10/2023,08:24:44,Gandhidham,Drive-thru
745,C022,31,,26/01/2023,23:14:02,26/01/2023,10:17:04,Tiruchirappalli,Home Delivery
857,C060,15,2,12/11/2023,03:56:21,12/11/2023,17:52:55,Tadipatri,Home Delivery
349,C013,11,5,10/08/2023,21:52:12,10/08/2023,08:38:13,Gaya,Drive-thru
547,C081,2,4,2023-12-11,10:29:52,2023-12-11,03:11:12,Sri Ganganagar,Dine-in
377,C003,17,2,2023-05-08,04:02:29,2023-05-08,11:53:39,Gangtok,Home Delivery
361,C091,60,2,01-04-2023,02:37:20,01-04-2023,10:32:03,Faridabad,Home Delivery
163,C077,55,6,15/03/2023,14:57:00,15/03/2023,18:12:25,Gandhidham,Dine-in
384,C042,47,1,2023-10-08,21:23:14,2023-10-08,00:46:53,Latur,Home Delivery
905,C061,43,4,23 Nov 2023,05:51:35,23 Nov 2023,14:34:15,Tenali,Takeaway
994,C029,25,3,27 Aug 2023,10:00:00,27 Aug 2023,22:57:59,Sikar,
804,C004,30,4,13/09/2023,09:08:23,13/09/2023,02:16:50,Nadiad,Drive-thru
603,C154,57,5,2023-07-29,09:40:39,2023-07-29,00:47:51,Ratlam,Takeaway
219,C159,25,3,14-08-2023,16:35:25,14-08-2023,06:07:18,Bhalswa Jahangir Pur,Drive-thru
859,C117,32,1,03 Feb 2023,08:24:39,03 Feb 2023,02:27:32,Guwahati,Dine-in
509,C108,39,6,08 May 2023,12:42:33,08 May 2023,18:34:51,Anand,Drive-thru
827,C050,22,3,11/12/2023,,11/12/2023,02:03:27,Malda,Drive-thru
838,C130,2,4,14 Sep 2023,17:49:11,14 Sep 2023,08:40:52,Kavali,Takeaway
106,C140,23,,2023-12-15,09:21:20,2023-12-15,04:17:58,Rourkela,Drive-thru
424,C008,25,1,2023-03-25,05:19:53,2023-03-25,03:37:33,Fatehpur,Takeaway
571,C130,41,1,25/10/2023,23:14:17,25/10/2023,14:50:28,Kavali,Takeaway
744,C111,19,4,17 Mar 2023,11:01:04,17 Mar 2023,10:30:23,Jorhat,Home Delivery
28,C029,54,4,2023-11-02,07:23:07,2023-11-02,03:00:52,Sikar,Takeaway
962,C136,7,5,05 Jul 2023,07:03:40,05 Jul 2023,16:37:31,Kolhapur,Drive-thru
204,C008,41,3,19-08-2023,10:20:09,19-08-2023,14:23:55,Fatehpur,Takeaway
43,C128,45,4,08/07/2023,19:00:14,08/07/2023,08:16:56,Jalna,Dine-in
121,C048,60,6,29/05/2023,12:35:54,29/05/2023,09:52:56,Berhampur,Dine-in
45,C083,7,,2023-06-17,20:21:01,2023-06-17,09:23:40,Amravati,Home Delivery
51,C033,5,2,27/11/2023,10:23:27,27/11/2023,,NELLORE,
847,C030,1,5,14 Oct 2023,01:10:25,14 Oct 2023,02:13:44,,Takeaway
335,C116,18,2,08-02-2023,17:59:27,08-02-2023,21:54:13,Mira-Bhayandar,Takeaway
969,C185,29,5,2023-10-24,12:37:04,2023-10-24,23:48:39,Rohtak,Drive-thru
812,C192,38,3,19 Jan 2023,10:18:48,19 Jan 2023,16:08:13,Tiruchirappalli,Home Delivery
159,C077,18,1,13 Oct 2023,10:01:06,13 Oct 2023,00:14:29,Gandhidham,Drive-thru
293,C036,49,1,29/10/2023,22:51:53,29/10/2023,06:01:26,Dhule,Home Delivery
373,C033,12,6,01-01-2023,15:02:32,01-01-2023,20:49:59,Nellore,Dine-in
869,C046,20,4,05-02-2023,08:11:10,05-02-2023,03:23:38,Tirunelveli,Drive-thru
365,C015,15,5,23/04/2023,04:02:29,23/04/2023,12:35:52,Bahraich,Drive-thru
634,C128,48,2,01-05-2023,07:23:29,01-05-2023,23:21:34,Jalna,Home Delivery
818,C156,55,3,13 May 2023,06:33:16,13 May 2023,04:56:22,Rourkela,Takeaway
762,C170,18,6,2023-12-04,,2023-12-04,03:47:22,Ballia,Dine-in
824,C177,19,3,04-02-2023,12:22:50,04-02-2023,,Ichalkaranji,Home Delivery
667,C068,40,2,13 Feb 2023,22:57:32,13 Feb 2023,05:32:54,Hindupur,Home Delivery
872,C170,10,4,2023-09-30,10:07:32,2023-09-30,02:29:43,Ballia,Drive-thru
383,C067,7,1,25/06/2023,08:48:48,25/06/2023,02:43:40,Munger,Drive-thru
968,C008,32,5,01-03-2023,01:10:22,01-03-2023,06:00:26,Fatehpur,Takeaway
485,C012,5,3,02/12/2023,19:07:54,02/12/2023,15:23:28,Malda,Dine-in
212,C099,1,3,2023-07-31,14:38:49,2023-07-31,13:08:16,Srikakulam,Dine-in
261,C069,50,,07-07-2023,16:24:41,07-07-2023,02:42:31,Solapur,Drive-thru
536,C030,43,3,2023-08-17,02:47:28,2023-08-17,09:49:29,Mirzapur,Takeaway
865,C017,22,2,22-12-2023,15:06:57,22-12-2023,21:35:09,Warangal,Drive-thru
882,C035,1,1,28-11-2023,18:18:45,28-11-2023,22:20:48,Srinagar,Takeaway
866,C146,51,3,06/10/2023,,06/10/2023,14:40:48,Hospet,Takeaway
282,C096,43,6,2023-03-26,11:46:45,2023-03-26,10:19:18,Gaya,Drive-thru
1000,C129,34,1,29/08/2023,18:22:15,29/08/2023,22:27:30,Kota,Drive-thru
791,C049,19,4,2023-07-23,23:46:35,2023-07-23,19:54:40,Panvel,Home Delivery
63,C120,52,5,08 Mar 2023,02:39:24,08 Mar 2023,08:57:05,Bahraich,Dine-in
752,C044,23,5,15/08/2023,04:41:01,15/08/2023,06:17:30,,Drive-thru
433,C164,21,3,14 May 2023,00:06:38,14 May 2023,16:58:44,Agartala,Takeaway
64,C080,26,6,03 Sep 2023,16:37:16,03 Sep 2023,16:40:38,Indore,Drive-thru
955,C005,57,4,11-02-2023,14:33:17,11-02-2023,17:23:57,Kishanganj,Dine-in
118,C167,13,,14-06-2023,23:38:02,14-06-2023,02:37:18,Kharagpur,Dine-in
582,C094,38,6,2023-02-09,,2023-02-09,16:26:44,Nangloi Jat,Drive-thru
842,C080,60,1,18/12/2023,07:19:12,18/12/2023,15:19:05,Indore,Home Delivery
821,C001,8,1,27 Aug 2023,02:12:48,27 Aug 2023,16:57:25,Rajahmundry,Takeaway
740,C031,56,2,01/12/2023,15:44:03,01/12/2023,01:02:08,Shimla,Drive-thru
265,C043,40,2,16/04/2023,12:04:38,16/04/2023,,Hapur,Dine-in
722,C020,14,5,19-02-2023,17:51:59,19-02-2023,22:04:55,Saharsa,Takeaway
134,C095,40,2,2023-04-23,00:04:24,2023-04-23,23:28:09,Durgapur,Drive-thru
741,C014,20,5,22/01/2023,06:14:05,22/01/2023,12:17:32,Tenali,Takeaway
197,C012,60,1,17/12/2023,,17/12/2023,10:23:13,Malda,Dine-in
678,C141,24,2,2023-07-30,06:54:03,2023-07-30,07:45:57,Kota,Drive-thru
775,C198,10,6,17-10-2023,03:32:50,17-10-2023,03:03:24,Navi Mumbai,Home Delivery
412,C078,20,3,2023-09-09,17:17:54,2023-09-09,17:20:49,AMROHA,Takeaway
1,C086,5,3,18/02/2023,17:12:29,18/02/2023,05:53:19,Bhilai,Home Delivery
680,C057,17,1,2023-08-05,14:36:52,2023-08-05,06:47:15,Tiruchirappalli,Home Delivery
461,C094,46,,20 Jan 2023,14:35:54,20 Jan 2023,16:37:34,,Home Delivery
570,C068,47,6,09 Feb 2023,07:06:40,09 Feb 2023,19:15:03,Hindupur,Dine-in
218,C028,9,3,04 Jan 2023,10:17:54,04 Jan 2023,18:10:31,Kollam,Home Delivery
713,C135,44,4,10 Oct 2023,05:34:18,10 Oct 2023,15:39:36,Asansol,Home Delivery
107,C050,16,3,2023-10-13,02:31:15,2023-10-13,05:47:36,Malda,Takeaway
959,C062,12,5,21 Dec 2023,21:00:09,21 Dec 2023,,Sikar,Takeaway
717,C009,37,6,2023-07-18,12:29:45,2023-07-18,21:46:04,Giridih,Home Delivery
264,C031,50,2,18/04/2023,23:32:18,18/04/2023,12:49:51,Shimla,Drive-thru
419,C117,4,3,27 Dec 2023,13:17:37,27 Dec 2023,20:04:07,Guwahati,Home Delivery
479,C096,53,3,04-04-2023,11:30:10,04-04-2023,17:22:40,Gaya,Drive-thru
149,C136,9,6,25/04/2023,13:15:41,25/04/2023,05:54:06,Kolhapur,Dine-in
899,C033,33,1,23/05/2023,22:26:25,23/05/2023,16:10:01,Nellore,Takeaway
140,C030,44,2,26 Oct 2023,13:39:42,26 Oct 2023,08:49:28,Mirzapur,Dine-in
858,C101,12,6,2023-12-07,21:22:51,2023-12-07,21:08:14,Aizawl,Home Delivery
292,C158,44,4,22 Apr 2023,11:24:17,22 Apr 2023,14:12:53,Patiala,Dine-in
147,C098,29,4,12 Jul 2023,07:52:56,12 Jul 2023,05:35:37,YAMUNANAGAR,Takeaway
522,C100,27,6,2023-06-10,08:38:07,2023-06-10,14:51:51,Motihari,Dine-in
966,C073,14,4,09 May 2023,21:35:07,09 May 2023,23:10:02,Jalgaon,Drive-thru
126,C004,48,,01-06-2023,10:39:00,01-06-2023,09:56:03,Nadiad,Takeaway
941,C139,42,3,2023-09-13,16:11:53,2023-09-13,11:45:22,Tirupati,Dine-in
87,C073,32,5,01-12-2023,18:37:55,01-12-2023,20:02:52,Jalgaon,Home Delivery
29,C184,10,3,08-08-2023,01:21:00,08-08-2023,17:21:53,Karaikudi,Home Delivery
146,C105,12,2,25/11/2023,15:20:23,25/11/2023,,Purnia,Home Delivery
96,C042,26,5,03-06-2023,09:45:53,03-06-2023,13:40:37,Latur,Drive-thru
732,C133,9,3,04 Jan 2023,15:48:22,04 Jan 2023,01:20:56,Panihati,Takeaway
437,C150,46,5,2023-04-08,06:40:48,2023-04-08,06:45:14,Gurgaon,Takeaway
257,C176,32,4,30-12-2023,21:19:08,30-12-2023,07:57:08,Nashik,Drive-thru
999,C014,5,3,26-06-2023,22:10:29,26-06-2023,02:21:22,Tenali,Drive-thru
72,C152,38,2,29 Mar 2023,,29 Mar 2023,09:06:54,Tezpur,Dine-in
868,C152,39,4,16 Jun 2023,05:39:31,16 Jun 2023,23:43:25,Tezpur,Drive-thru
325,C095,38,4,11 Apr 2023,07:51:37,11 Apr 2023,12:41:12,Durgapur,Takeaway
845,C052,13,3,22-05-2023,14:04:02,22-05-2023,18:35:39,Raiganj,Drive-thru
191,C102,6,3,2023-07-27,19:01:54,2023-07-27,20:21:18,Sultan Pur Majra,Takeaway
440,C025,31,2,13 May 2023,15:14:35,13 May 2023,,Rajkot,Home Delivery
34,C188,43,6,23/02/2023,12:24:42,23/02/2023,14:41:08,Deoghar,Takeaway
849,C181,52,3,2023-10-21,17:34:55,2023-10-21,08:55:18,Rajkot,Takeaway
15,C119,50,3,15 Jul 2023,03:43:20,15 Jul 2023,13:47:20,Nangloi Jat,Takeaway
275,C017,51,5,23 Jul 2023,21:01:24,23 Jul 2023,18:41:54,Warangal,Drive-thru
342,C132,4,6,03-06-2023,05:10:51,03-06-2023,00:18:58,Rajpur Sonarpur,Takeaway
156,C194,56,1,2023-03-13,15:48:31,2023-03-13,23:22:39,Kakinada,Takeaway
198,C046,60,3,09 Jan 2023,01:01:02,09 Jan 2023,22:47:51,Tirunelveli,Takeaway
510,C088,19,4,2023-03-10,01:04:20,2023-03-10,13:31:02,Sambhal,Drive-thru
542,C054,43,6,20/04/2023,02:29:04,20/04/2023,18:26:20,Akola,Dine-in
339,C068,55,1,2023-02-16,12:32:15,2023-02-16,22:08:51,Hindupur,Home Delivery
454,C161,47,2,26/04/2023,22:37:05,26/04/2023,,Visakhapatnam,Home Delivery
566,C183,48,6,2023-08-12,18:29:29,2023-08-12,09:27:00,Satna,Home Delivery
664,C191,45,6,2023-02-10,04:56:17,2023-02-10,07:54:35,Thane,Takeaway
151,C059,16,4,27/06/2023,10:57:25,27/06/2023,14:55:41,Asansol,Home Delivery
297,C076,42,1,03 May 2023,07:53:32,03 May 2023,13:28:45,Durg,Drive-thru
561,C186,38,4,19 Jun 2023,09:07:28,19 Jun 2023,05:58:06,Begusarai,Takeaway
877,C181,36,3,26-02-2023,05:51:57,26-02-2023,16:28:10,Rajkot,Dine-in
240,C088,42,1,13-12-2023,03:16:47,13-12-2023,03:18:10,Sambhal,Takeaway
315,C041,17,1,21 Oct 2023,23:57:38,21 Oct 2023,13:41:04,Bhilai,Takeaway
19,C112,6,2,2023-08-19,17:13:28,2023-08-19,03:03:44,Dewas,Dine-in
416,C132,51,2,2023-02-03,02:48:43,2023-02-03,14:55:07,Rajpur Sonarpur,
597,C052,34,5,17-12-2023,07:20:47,17-12-2023,01:52:38,Raiganj,Takeaway
52,C099,37,1,06/11/2023,00:38:04,06/11/2023,18:40:07,Srikakulam,Drive-thru
934,C175,20,4,2023-01-29,11:13:56,2023-01-29,15:23:29,Secunderabad,Home Delivery
876,C076,4,3,09/10/2023,02:09:09,09/10/2023,17:56:29,Durg,Dine-in
449,C116,18,2,28/03/2023,21:44:28,28/03/2023,17:11:25,Mira-Bhayandar,Drive-thru
997,C189,49,5,26/12/2023,08:26:44,26/12/2023,08:05:53,Kota,Takeaway
850,C019,20,5,2023-06-23,17:30:38,2023-06-23,23:00:05,Bhopal,Dine-in
512,C183,48,5,20/11/2023,11:34:24,20/11/2023,,Satna,Takeaway
128,C023,26,6,2023-02-18,03:58:35,2023-02-18,07:31:20,Khandwa,Takeaway
568,C115,23,3,07/09/2023,02:35:16,07/09/2023,04:24:13,Bhimavaram,Takeaway
152,C049,60,6,27-02-2023,00:19:44,27-02-2023,06:37:46,Panvel,Drive-thru
3,C021,38,6,14/03/2023,00:52:14,14/03/2023,17:10:14,Tadepalligudem,Home Delivery
345,C200,15,2,12 Apr 2023,15:33:19,12 Apr 2023,01:00:00,Firozabad,Home Delivery
686,C073,18,2,13/08/2023,15:59:20,13/08/2023,12:00:43,Jalgaon,Takeaway
885,C160,12,4,2023-09-18,20:43:37,2023-09-18,18:05:04,Phusro,Drive-thru
66,C120,44,5,26-06-2023,14:44:02,26-06-2023,14:04:18,Bahraich,Takeaway
62,C061,51,4,14-01-2023,03:09:21,14-01-2023,01:23:50,Tenali,Home Delivery
901,C155,12,5,19-03-2023,06:14:39,19-03-2023,22:06:37,Ajmer,Home Delivery
616,C158,42,5,27 May 2023,16:07:24,27 May 2023,12:40:38,Patiala,Takeaway
7,C131,24,1,05 Jul 2023,15:31:36,05 Jul 2023,20:30:13,GANGTOK,
32,C121,3,6,18/07/2023,16:42:24,18/07/2023,10:56:22,Moradabad,Home Delivery
601,C124,51,4,29/06/2023,07:37:23,29/06/2023,03:58:25,Gaya,Drive-thru
643,C177,1,,12/12/2023,10:31:33,12/12/2023,10:11:48,Ichalkaranji,Drive-thru
455,C034,7,4,15-09-2023,07:20:36,15-09-2023,07:56:24,Panipat,Takeaway
556,C054,48,,26 Jun 2023,17:44:17,26 Jun 2023,03:24:43,Akola,Drive-thru
161,C179,27,4,2023-03-18,08:14:30,2023-03-18,22:35:49,Bhiwandi,Drive-thru
733,C055,55,3,12/01/2023,14:48:09,12/01/2023,08:43:03,Nangloi Jat,
389,C101,37,5,09 Sep 2023,00:38:43,09 Sep 2023,10:18:28,Aizawl,Dine-in
652,C077,17,5,18/10/2023,01:19:59,18/10/2023,08:24:44,Gandhidham,Drive-thru
312,C086,52,4,2023-05-20,01:46:33,2023-05-20,10:18:20,Bhilai,Home Delivery
698,C004,11,3,27 Oct 2023,21:47:14,27 Oct 2023,20:54:37,Nadiad,Drive-thru
774,C036,20,6,28/12/2023,22:28:57,28/12/2023,12:51:15,Dhule,Drive-thru
359,C041,7,2,03-12-2023,17:23:06,03-12-2023,04:33:16,Bhilai,Home Delivery
310,C128,,5,2023-09-22,14:57:57,2023-09-22,,Jalna,Takeaway
378,C066,51,1,2023-01-01,16:35:20,2023-01-01,03:18:07,Pondicherry,Drive-thru
233,C131,48,5,13 Oct 2023,14:45:04,13 Oct 2023,15:05:27,Gangtok,Drive-thru
917,C090,15,6,26/05/2023,16:28:59,26/05/2023,04:28:56,Singrauli,Takeaway
757,C006,22,2,03 Oct 2023,19:51:31,03 Oct 2023,01:50:19,Dehri,Takeaway
908,C122,48,5,30/04/2023,01:37:15,30/04/2023,20:18:37,Madhyamgram,Drive-thru
705,C186,9,3,2023-01-21,15:11:25,2023-01-21,01:34:43,Begusarai,Drive-thru
672,C135,41,6,01 Oct 2023,02:52:12,01 Oct 2023,22:52:41,Asansol,Home Delivery
124,C130,30,3,09/04/2023,00:04:33,09/04/2023,20:15:55,Kavali,Home Delivery
639,C047,49,5,24 May 2023,15:02:31,24 May 2023,12:02:27,Dharmavaram,
606,C093,7,2,2023-08-07,10:05:13,2023-08-07,10:03:18,Kamarhati,Home Delivery
462,C198,35,5,25/01/2023,19:40:52,25/01/2023,11:56:46,Navi Mumbai,Dine-in
813,C083,24,4,2023-02-04,17:06:58,2023-02-04,21:01:14,Amravati,Dine-in
711,C005,40,3,2023-11-14,04:36:40,2023-11-14,00:12:52,Kishanganj,Home Delivery
311,C096,9,6,18 May 2023,10:41:17,18 May 2023,16:35:26,Gaya,Dine-in
494,C128,29,3,2023-03-02,10:34:21,2023-03-02,22:23:57,JALNA,Dine-in
498,C144,50,5,04 Nov 2023,22:00:09,04 Nov 2023,08:55:38,Aizawl,Home Delivery
928,C009,5,1,20/10/2023,00:32:50,20/10/2023,09:11:31,Giridih,Drive-thru
56,C068,50,3,2023-12-27,06:48:42,2023-12-27,08:49:43,Hindupur,Takeaway
305,C138,21,4,2023-10-28,00:20:46,2023-10-28,09:14:55,Thane,Home Delivery
689,C085,6,2,29/01/2023,13:59:23,29/01/2023,08:47:15,Malda,Drive-thru
180,C044,47,3,28-03-2023,13:34:13,28-03-2023,18:03:16,SALEM,Drive-thru
567,C035,44,6,19 Jun 2023,06:15:44,19 Jun 2023,,Srinagar,Drive-thru
111,C089,50,2,29-05-2023,01:02:50,29-05-2023,22:47:12,Dindigul,Home Delivery
648,C116,12,5,09 Mar 2023,17:28:33,09 Mar 2023,13:35:10,Mira-Bhayandar,Dine-in
334,C081,60,4,25/12/2023,,25/12/2023,22:24:05,Sri Ganganagar,Home Delivery
113,C055,13,5,19-05-2023,03:39:10,19-05-2023,07:57:10,Nangloi Jat,Takeaway
694,C100,44,3,15/06/2023,15:56:30,15/06/2023,05:00:09,Motihari,Dine-in
961,C108,,5,01-05-2023,03:20:31,01-05-2023,16:04:19,Anand,Dine-in
387,C026,22,2,2023-04-08,02:40:17,2023-04-08,15:57:13,Morbi,Home Delivery
329,C136,16,4,09/09/2023,05:25:34,09/09/2023,22:02:30,,Takeaway
802,C079,20,6,17-08-2023,06:57:24,17-08-2023,22:01:16,Jabalpur,Takeaway
953,C179,24,5,2023-03-26,10:01:03,2023-03-26,20:11:57,Bhiwandi,Takeaway
927,C158,42,1,15-08-2023,20:49:46,15-08-2023,17:36:49,Patiala,Dine-in
983,C107,3,1,29 Aug 2023,18:05:16,29 Aug 2023,20:28:19,Nangloi Jat,Drive-thru
754,C194,47,1,27-02-2023,08:41:43,27-02-2023,21:34:52,Kakinada,Takeaway
471,C177,60,4,19/06/2023,18:26:07,19/06/2023,13:18:48,Ichalkaranji,Dine-in
447,C081,56,6,03-04-2023,03:55:37,03-04-2023,05:58:41,SRI GANGANAGAR,Drive-thru
989,C198,9,6,27-07-2023,05:28:37,27-07-2023,08:10:18,Navi Mumbai,Home Delivery
964,C050,8,2,17 Dec 2023,15:32:26,17 Dec 2023,08:12:37,Malda,Drive-thru
734,C025,3,4,2023-07-02,16:57:45,2023-07-02,23:58:22,Rajkot,Takeaway
42,C103,48,4,17/07/2023,14:33:42,17/07/2023,06:31:30,Shahjahanpur,Takeaway
851,C034,2,4,12 Dec 2023,01:55:13,12 Dec 2023,08:53:32,Panipat,Dine-in
68,C133,10,3,26/03/2023,19:47:30,26/03/2023,11:16:37,Panihati,Home Delivery
249,C118,40,2,11-12-2023,07:17:26,11-12-2023,00:12:08,Chandrapur,Dine-in
252,C108,39,2,22-10-2023,07:21:19,22-10-2023,,Anand,Drive-thru
943,C031,14,6,2023-12-08,18:39:11,2023-12-08,04:08:43,Shimla,Takeaway
477,C003,55,2,2023-12-06,17:44:28,2023-12-06,22:02:20,,Home Delivery
673,C124,35,2,15-02-2023,21:33:59,15-02-2023,07:56:21,Gaya,Home Delivery
370,C078,21,2,2023-03-22,11:33:22,2023-03-22,18:25:02,Amroha,Drive-thru
644,C149,,3,05 Jul 2023,19:40:09,05 Jul 2023,10:39:23,Eluru,Takeaway
552,C192,26,5,01 Jun 2023,08:20:56,01 Jun 2023,12:12:03,Tiruchirappalli,Home Delivery
583,C058,34,4,2023-06-30,04:12:41,2023-06-30,12:58:15,Bhatpara,Drive-thru
9,C040,5,3,21/02/2023,,21/02/2023,13:21:55,Nizamabad,Home Delivery
232,C111,7,1,20-02-2023,03:16:33,20-02-2023,21:53:16,Jorhat,Takeaway
695,C191,60,5,24/09/2023,00:37:46,24/09/2023,04:09:54,Thane,Home Delivery
995,C094,12,6,14/10/2023,03:03:47,14/10/2023,03:05:46,Nangloi Jat,Takeaway
489,C039,54,5,2023-11-10,,2023-11-10,08:46:16,Alwar,Dine-in
511,C155,45,6,20-09-2023,05:52:48,20-09-2023,13:55:55,Ajmer,Home Delivery
979,C148,36,2,14/02/2023,03:47:44,14/02/2023,01:10:33,Rewa,Drive-thru
527,C011,28,3,12 Oct 2023,07:49:00,12 Oct 2023,23:16:03,Surendranagar Dudhrej,Takeaway
538,C066,35,6,25-05-2023,22:38:36,25-05-2023,14:34:00,Pondicherry,Home Delivery
642,C118,8,6,23-09-2023,15:36:21,23-09-2023,16:29:08,Chandrapur,Home Delivery
172,C098,30,5,2023-11-29,14:13:53,2023-11-29,05:34:30,YAMUNANAGAR,Home Delivery
753,C012,60,2,2023-04-13,00:45:20,2023-04-13,01:40:26,Malda,Takeaway
302,C011,60,1,23/07/2023,14:05:38,23/07/2023,18:22:40,Surendranagar Dudhrej,Drive-thru
406,C107,10,,18-10-2023,00:53:23,18-10-2023,08:35:13,Nangloi Jat,Dine-in
904,C153,60,2,11/09/2023,23:14:18,11/09/2023,20:07:17,Mau,Drive-thru
13,C157,19,6,18/08/2023,20:45:25,18/08/2023,01:30:26,Gandhinagar,Takeaway
120,C045,27,2,19 Jan 2023,21:14:11,19 Jan 2023,15:33:42,Noida,Drive-thru
811,C173,19,5,2023-12-05,11:54:11,2023-12-05,17:05:58,Gangtok,Drive-thru
577,C092,3,2,07/09/2023,00:37:01,07/09/2023,07:22:04,Ghaziabad,Dine-in
735,C068,24,5,08 May 2023,19:10:32,08 May 2023,23:27:53,Hindupur,Home Delivery
884,C022,9,6,2023-08-01,02:53:26,2023-08-01,07:06:29,Tiruchirappalli,Drive-thru
497,C088,24,1,25/04/2023,01:37:20,25/04/2023,20:01:11,,Home Delivery
473,C024,50,5,08-02-2023,16:59:19,08-02-2023,08:39:24,Hospet,Home Delivery
376,C082,11,6,15 Feb 2023,22:17:56,15 Feb 2023,06:42:40,Amritsar,Drive-thru
779,C200,13,1,09-03-2023,18:44:40,09-03-2023,19:12:33,Firozabad,
557,C166,55,5,14-03-2023,01:09:55,14-03-2023,23:41:20,Panipat,Takeaway
553,C174,57,6,28/11/2023,17:48:39,28/11/2023,17:35:01,Kamarhati,Dine-in
435,C175,9,6,2023-01-14,23:16:49,2023-01-14,20:36:30,Secunderabad,Home Delivery
375,C128,10,3,2023-02-09,04:38:09,2023-02-09,18:23:54,Jalna,Home Delivery
451,C104,28,4,16 Jul 2023,11:02:10,16 Jul 2023,23:35:13,Bahraich,
418,C050,57,2,30 Jan 2023,22:07:02,30 Jan 2023,20:23:03,Malda,Dine-in
607,C138,28,5,07/07/2023,15:55:49,07/07/2023,02:22:21,Thane,Drive-thru
142,C117,37,1,14/10/2023,10:26:35,14/10/2023,14:28:40,Guwahati,Home Delivery
351,C055,59,2,21 May 2023,09:10:58,21 May 2023,13:10:38,Nangloi Jat,Drive-thru
637,C196,55,5,22-01-2023,19:58:36,22-01-2023,13:25:57,Tenali,Home Delivery
685,C039,4,5,12/01/2023,16:46:54,12/01/2023,14:41:37,Alwar,Dine-in
460,C187,9,2,12/01/2023,12:59:25,12/01/2023,09:33:23,Guntur,Dine-in
957,C178,52,4,21-12-2023,20:07:11,21-12-2023,16:22:33,Hubli–Dharwad,Takeaway
629,C067,5,4,21-11-2023,00:21:17,21-11-2023,20:29:23,Munger,Takeaway
392,C021,31,1,07-06-2023,15:03:46,07-06-2023,05:46:50,Tadepalligudem,Drive-thru
337,C043,29,4,10/06/2023,08:31:53,10/06/2023,10:17:22,,
415,C114,14,4,2023-09-06,14:02:52,2023-09-06,20:21:38,Vijayawada,Dine-in
630,C081,27,3,2023-09-22,00:15:02,2023-09-22,15:08:20,Sri Ganganagar,Home Delivery
748,C144,40,6,26 Sep 2023,10:36:52,26 Sep 2023,22:19:28,Aizawl,Takeaway
982,C112,38,2,30/10/2023,16:53:29,30/10/2023,19:07:19,Dewas,Dine-in
843,C120,57,1,22-02-2023,00:08:57,22-02-2023,14:18:31,Bahraich,Dine-in
516,C109,52,1,25 Sep 2023,12:17:18,25 Sep 2023,02:49:46,Ozhukarai,Dine-in
617,C164,32,4,2023-01-06,08:35:44,2023-01-06,12:43:31,Agartala,Home Delivery
565,C110,11,1,10/06/2023,14:03:05,10/06/2023,17:47:06,Nashik,Takeaway
178,C128,36,6,17 Dec 2023,10:44:23,17 Dec 2023,02:37:42,Jalna,Home Delivery
991,C099,58,6,20-06-2023,06:04:50,20-06-2023,08:56:34,Srikakulam,Home Delivery
488,C170,47,2,04-09-2023,20:10:47,04-09-2023,14:39:44,Ballia,Drive-thru
109,C082,31,3,14-10-2023,14:01:19,14-10-2023,22:38:42,Amritsar,Home Delivery
870,C084,32,6,2023-12-05,20:08:06,2023-12-05,18:06:08,Tirunelveli,Dine-in
656,C006,27,1,29 Jun 2023,05:56:12,29 Jun 2023,23:23:09,Dehri,
225,C182,14,4,30-05-2023,05:48:42,30-05-2023,,Shimla,Drive-thru
484,C124,59,4,27 Feb 2023,12:12:41,27 Feb 2023,,Gaya,Drive-thru
73,C008,6,1,25-11-2023,03:10:52,25-11-2023,11:58:15,Fatehpur,Takeaway
700,C096,50,1,08 May 2023,15:56:00,08 May 2023,,Gaya,Drive-thru
231,C166,40,1,2023-10-16,22:30:20,2023-10-16,17:37:06,Panipat,Home Delivery
228,C115,39,4,26/10/2023,21:11:57,26/10/2023,10:58:58,Bhimavaram,Drive-thru
408,C068,25,6,06-09-2023,10:06:47,06-09-2023,11:21:59,HINDUPUR,Dine-in
470,C076,11,1,08 Oct 2023,09:52:30,08 Oct 2023,05:43:24,Durg,Takeaway
348,C024,58,3,04 Mar 2023,20:29:57,04 Mar 2023,16:32:03,Hospet,Drive-thru
830,C134,20,5,14/12/2023,11:01:24,14/12/2023,05:26:38,Guntakal,Dine-in
949,C052,28,3,14/12/2023,21:08:19,14/12/2023,02:55:54,Raiganj,Home Delivery
996,C036,22,2,04-10-2023,17:24:05,04-10-2023,10:09:00,,Drive-thru
395,C012,17,4,27/08/2023,02:11:10,27/08/2023,04:41:28,Malda,Takeaway
743,C173,47,4,17/08/2023,17:47:31,17/08/2023,02:59:02,Gangtok,Takeaway
259,C009,18,2,03/10/2023,01:48:00,03/10/2023,19:47:03,GIRIDIH,Takeaway
796,C152,58,6,14 Apr 2023,13:35:35,14 Apr 2023,14:04:45,Tezpur,Dine-in
396,C069,37,1,19 Mar 2023,02:45:22,19 Mar 2023,16:23:11,Solapur,Dine-in
621,C151,13,5,08-01-2023,13:37:56,08-01-2023,10:57:18,Chittoor,Dine-in
108,C077,50,3,27-12-2023,01:19:23,27-12-2023,01:14:01,Gandhidham,Drive-thru
237,C088,30,2,2023-09-24,02:38:03,2023-09-24,21:54:08,Sambhal,Home Delivery
892,C121,41,6,2023-12-06,17:25:58,2023-12-06,23:43:26,Moradabad,Home Delivery
921,C179,12,3,2023-05-31,06:53:29,2023-05-31,14:49:01,Bhiwandi,Dine-in
747,C124,36,2,07/09/2023,04:04:04,07/09/2023,07:39:16,Gaya,Takeaway
216,C077,31,1,04 Jul 2023,00:31:10,04 Jul 2023,04:39:13,Gandhidham,Takeaway
756,C178,52,1,06/06/2023,17:40:12,06/06/2023,06:03:32,Hubli–Dharwad,Drive-thru
217,C185,41,4,2023-11-01,04:47:04,2023-11-01,03:30:08,Rohtak,Drive-thru
834,C181,55,3,30 Dec 2023,05:58:41,30 Dec 2023,05:33:31,Rajkot,Home Delivery
394,C048,24,4,09/07/2023,20:07:16,09/07/2023,01:04:05,Berhampur,Drive-thru
668,C059,16,6,26-05-2023,14:12:50,26-05-2023,12:02:29,ASANSOL,Takeaway
974,C046,25,3,11/03/2023,16:40:10,11/03/2023,,TIRUNELVELI,Takeaway
975,C162,23,3,2023-04-14,13:14:53,2023-04-14,19:36:29,Chandigarh,Takeaway
428,C156,52,3,31 Dec 2023,18:52:03,31 Dec 2023,10:14:12,Rourkela,Drive-thru
243,C164,,4,22-07-2023,05:24:42,22-07-2023,02:48:15,Agartala,Takeaway
606,C093,7,2,2023-08-07,10:05:13,2023-08-07,10:03:18,Kamarhati,Home Delivery
650,C051,10,6,18-03-2023,09:31:05,18-03-2023,,Avadi,Dine-in
220,C167,39,2,03-06-2023,02:47:52,03-06-2023,14:55:55,Kharagpur,Takeaway
669,C034,34,2,15/01/2023,14:03:02,15/01/2023,02:51:27,Panipat,Home Delivery
475,C013,7,2,21-01-2023,05:22:29,21-01-2023,16:17:41,Gaya,Home Delivery
194,C164,1,6,29-03-2023,14:35:00,29-03-2023,17:27:52,Agartala,Drive-thru
754,C194,47,1,27-02-2023,08:41:43,27-02-2023,21:34:52,Kakinada,Takeaway
157,C188,37,3,23/10/2023,15:36:43,23/10/2023,08:49:01,Deoghar,Takeaway
426,C132,2,6,05 Jan 2023,14:27:03,05 Jan 2023,21:42:06,Rajpur Sonarpur,Takeaway
932,C112,26,6,05 Feb 2023,19:53:12,05 Feb 2023,19:18:14,DEWAS,Dine-in
898,C189,40,1,27-05-2023,18:10:33,27-05-2023,16:38:10,Kota,Dine-in
350,C008,25,6,07/08/2023,15:20:45,07/08/2023,08:55:05,Fatehpur,Home Delivery
929,C005,58,4,18-03-2023,05:10:31,18-03-2023,13:12:34,Kishanganj,Dine-in
640,C193,37,2,28-01-2023,06:38:40,28-01-2023,21:50:00,Raipur,Drive-thru
893,C157,4,3,01-10-2023,16:54:53,01-10-2023,06:02:04,Gandhinagar,Drive-thru
213,C186,58,5,2023-05-05,03:41:24,2023-05-05,17:49:45,Begusarai,Drive-thru
364,C139,20,2,09/09/2023,12:59:57,09/09/2023,00:06:39,Tirupati,Dine-in
480,C103,30,3,17 Jul 2023,22:44:47,17 Jul 2023,19:37:24,Shahjahanpur,Drive-thru
528,C042,38,3,2023-01-03,13:32:16,2023-01-03,16:51:08,Latur,Drive-thru
558,C057,40,3,10-04-2023,,10-04-2023,,Tiruchirappalli,Takeaway
599,C024,31,6,2023-03-08,16:56:12,2023-03-08,07:00:35,Hospet,Drive-thru
691,C098,54,1,04 Mar 2023,08:40:02,04 Mar 2023,11:14:25,Yamunanagar,Drive-thru
135,C040,30,6,07/11/2023,21:22:26,07/11/2023,20:01:02,Nizamabad,Drive-thru
256,C050,53,4,15/10/2023,03:35:52,15/10/2023,16:21:50,Malda,Drive-thru
166,C095,6,5,08 Apr 2023,18:35:39,08 Apr 2023,20:04:47,Durgapur,Home Delivery
611,C192,15,4,25/12/2023,,25/12/2023,20:20:08,Tiruchirappalli,Dine-in
938,C162,45,3,07 Sep 2023,12:07:09,07 Sep 2023,09:10:02,Chandigarh,Drive-thru
879,C183,25,4,15-07-2023,22:50:41,15-07-2023,,SATNA,Takeaway
321,C058,52,5,24-01-2023,,24-01-2023,02:08:58,Bhatpara,Dine-in
97,C182,37,3,01-09-2023,11:01:32,01-09-2023,18:36:48,Shimla,Home Delivery
970,C051,48,6,16 Jun 2023,14:05:03,16 Jun 2023,01:08:55,Avadi,Dine-in
20,C107,4,4,15-09-2023,08:10:18,15-09-2023,07:38:51,Nangloi Jat,Takeaway
508,C027,25,6,2023-11-04,22:03:58,2023-11-04,14:30:26,DHANBAD,Drive-thru
542,C054,43,6,20/04/2023,02:29:04,20/04/2023,18:26:20,Akola,Dine-in
992,C110,49,3,24 Dec 2023,06:53:18,24 Dec 2023,01:48:37,Nashik,Dine-in
158,C078,57,2,05/12/2023,13:51:51,05/12/2023,19:54:59,Amroha,Drive-thru
404,C142,21,3,24 Sep 2023,07:01:03,24 Sep 2023,07:51:26,Gopalpur,Dine-in
958,C037,41,,2023-09-25,07:58:35,2023-09-25,14:20:01,Bilaspur,Drive-thru
439,C044,54,6,13 Oct 2023,20:50:14,13 Oct 2023,04:15:10,Salem,Home Delivery
971,C084,15,1,02-05-2023,04:56:46,02-05-2023,,Tirunelveli,Takeaway
47,C090,29,1,2023-06-30,13:10:21,2023-06-30,23:22:18,Singrauli,Home Delivery
286,C003,1,6,2023-06-25,07:06:23,2023-06-25,22:31:49,Gangtok,Drive-thru
814,C075,31,,04 Mar 2023,06:10:00,04 Mar 2023,22:17:49,Dindigul,Home Delivery
891,C133,6,5,09-11-2023,22:33:07,09-11-2023,04:10:11,Panihati,Takeaway
288,C023,47,1,22 Feb 2023,22:23:39,22 Feb 2023,,Khandwa,Home Delivery
2,C065,47,6,05 Nov 2023,05:55:33,05 Nov 2023,15:21:32,Panipat,Home Delivery
236,C030,54,6,14 Mar 2023,21:54:00,14 Mar 2023,15:33:17,Mirzapur,Home Delivery
860,C090,31,4,29 Mar 2023,18:19:03,29 Mar 2023,11:58:39,Singrauli,Home Delivery
952,C017,8,3,14/03/2023,,14/03/2023,20:49:01,Warangal,Takeaway
946,C180,42,2,08-01-2023,00:54:32,08-01-2023,19:35:40,Rourkela,Dine-in
409,C045,18,4,2023-03-15,12:19:06,2023-03-15,,Noida,Dine-in
855,C146,9,1,2023-12-24,15:48:34,2023-12-24,00:53:31,Hospet,Dine-in
543,C053,35,6,11/08/2023,08:37:46,11/08/2023,21:42:31,Begusarai,Takeaway
703,C125,15,3,2023-10-13,10:15:48,2023-10-13,20:03:55,Raipur,Drive-thru
948,C028,8,4,2023-11-01,11:42:01,2023-11-01,15:08:48,Kollam,Dine-in
90,C014,37,5,10 Apr 2023,20:31:19,10 Apr 2023,08:29:17,TENALI,Home Delivery
797,C065,21,6,29/11/2023,14:59:57,29/11/2023,01:17:24,Panipat,Dine-in
314,C131,24,1,13/09/2023,06:44:34,13/09/2023,21:03:15,Gangtok,Home Delivery
993,C159,57,3,29/01/2023,22:54:07,29/01/2023,04:51:20,Bhalswa Jahangir Pur,Dine-in
293,C036,49,1,29/10/2023,22:51:53,29/10/2023,06:01:26,Dhule,Home Delivery
581,C149,35,5,31-03-2023,20:24:55,31-03-2023,10:10:47,Eluru,Drive-thru
605,C097,42,2,19-12-2023,16:01:35,19-12-2023,23:22:06,Bardhaman,Drive-thru
453,C194,54,5,08-04-2023,17:58:53,08-04-2023,23:26:35,Kakinada,Dine-in
476,C174,21,4,01/03/2023,00:46:05,01/03/2023,18:14:28,Kamarhati,Dine-in
534,C055,43,3,2023-06-19,12:48:40,2023-06-19,10:55:56,Nangloi Jat,Home Delivery
712,C185,5,6,03/10/2023,,03/10/2023,11:17:06,Rohtak,Takeaway
466,C108,43,1,06 Dec 2023,16:40:49,06 Dec 2023,11:57:15,Anand,Takeaway
289,C077,9,4,10 Mar 2023,17:26:31,10 Mar 2023,03:26:25,Gandhidham,Dine-in
632,C142,60,2,01 Sep 2023,04:11:58,01 Sep 2023,18:24:21,Gopalpur,Home Delivery
906,C148,47,3,28 Jan 2023,12:21:39,28 Jan 2023,16:10:38,Rewa,Dine-in
119,C197,,6,21/10/2023,20:15:47,21/10/2023,12:32:27,Farrukhabad,Dine-in
619,C173,3,3,03-05-2023,15:38:12,03-05-2023,10:58:01,Gangtok,Takeaway
546,C067,,4,19 Aug 2023,02:22:02,19 Aug 2023,15:51:13,Munger,Drive-thru
808,C048,10,,2023-12-01,01:13:55,2023-12-01,19:48:21,Berhampur,Dine-in
773,C115,35,2,16/04/2023,17:20:47,16/04/2023,08:34:22,Bhimavaram,Takeaway
436,C067,59,4,27 Jul 2023,00:42:25,27 Jul 2023,12:45:19,Munger,Dine-in
306,C179,28,6,03 May 2023,21:43:46,03 May 2023,04:56:26,Bhiwandi,
367,C184,12,3,2023-01-31,08:18:53,2023-01-31,12:56:45,Karaikudi,Takeaway
657,C200,19,3,2023-06-16,,2023-06-16,10:03:17,Firozabad,Drive-thru
699,C063,1,1,25-10-2023,07:27:57,25-10-2023,01:16:09,Aligarh,Takeaway
759,C178,45,6,10 Jan 2023,,10 Jan 2023,03:33:20,Hubli–Dharwad,Dine-in
280,C110,13,6,2023-03-09,03:33:13,2023-03-09,20:28:50,Nashik,Takeaway
444,C121,57,,14-09-2023,20:31:11,14-09-2023,05:50:42,Moradabad,Drive-thru
386,C168,11,5,2023-08-11,17:53:24,2023-08-11,06:33:56,Gandhinagar,Dine-in
838,C130,2,4,14 Sep 2023,17:49:11,14 Sep 2023,08:40:52,Kavali,Takeaway
981,C187,28,6,07 May 2023,19:03:24,07 May 2023,12:44:34,Guntur,Home Delivery
338,C138,23,2,20 Aug 2023,18:53:07,20 Aug 2023,18:08:37,Thane,Drive-thru
750,C172,27,4,07/07/2023,21:03:40,07/07/2023,17:42:52,Haridwar,Takeaway
768,C091,41,3,01 May 2023,,01 May 2023,18:01:40,Faridabad,Dine-in
92,C033,7,4,2023-07-11,19:16:37,2023-07-11,11:06:44,Nellore,Home Delivery
601,C124,51,4,29/06/2023,07:37:23,29/06/2023,03:58:25,Gaya,Drive-thru
101,C175,16,1,21 Oct 2023,10:54:04,21 Oct 2023,01:55:43,Secunderabad,Takeaway
718,C013,24,2,07-11-2023,06:01:55,07-11-2023,07:03:53,Gaya,Dine-in
755,C159,60,2,28 May 2023,21:40:43,28 May 2023,14:14:03,Bhalswa Jahangir Pur,Home Delivery
586,C039,12,2,05-07-2023,03:00:52,05-07-2023,02:45:52,Alwar,Takeaway
464,C114,25,1,2023-10-08,06:48:29,2023-10-08,,Vijayawada,Drive-thru
207,C022,18,2,14-07-2023,22:01:55,14-07-2023,20:42:15,Tiruchirappalli,Drive-thru
41,C168,22,3,05-03-2023,22:43:15,05-03-2023,14:22:59,Gandhinagar,Drive-thru
823,C144,52,6,19 Apr 2023,04:21:54,19 Apr 2023,08:33:03,Aizawl,Takeaway
856,C117,20,6,2023-11-26,21:55:36,2023-11-26,09:34:36,Guwahati,Drive-thru
903,C136,56,1,2023-06-25,19:01:30,2023-06-25,09:31:25,,Takeaway
487,C133,34,6,25 Dec 2023,20:33:34,25 Dec 2023,05:29:42,Panihati,Drive-thru
94,C012,3,2,20-06-2023,12:33:07,20-06-2023,04:08:12,Malda,Drive-thru
788,C156,48,4,10 Jun 2023,21:29:46,10 Jun 2023,,Rourkela,Dine-in
530,C153,4,6,12/11/2023,22:06:25,12/11/2023,11:59:10,Mau,
446,C052,22,4,2023-10-19,21:37:36,2023-10-19,15:31:21,Raiganj,Takeaway
309,C004,46,2,26 Dec 2023,23:08:01,26 Dec 2023,21:47:11,Nadiad,Takeaway
926,C166,32,1,15 Mar 2023,,15 Mar 2023,11:41:30,PANIPAT,Takeaway
430,C120,20,6,2023-09-24,09:51:06,2023-09-24,12:57:13,Bahraich,
815,C135,27,5,18/04/2023,19:08:38,18/04/2023,11:12:21,Asansol,Dine-in
515,C195,23,5,03-09-2023,14:47:58,03-09-2023,08:11:58,Hospet,Home Delivery
972,C097,58,2,07/02/2023,05:14:40,07/02/2023,09:56:01,Bardhaman,Drive-thru
227,C065,43,2,05/08/2023,19:27:45,05/08/2023,09:04:25,PANIPAT,Dine-in
355,C162,52,5,2023-01-10,05:27:07,2023-01-10,23:09:15,Chandigarh,Home Delivery
541,C025,11,5,01/10/2023,05:53:52,01/10/2023,13:16:36,Rajkot,Dine-in
190,C050,40,5,10/05/2023,15:40:02,10/05/2023,07:35:00,Malda,Home Delivery
933,C099,45,4,2023-03-04,01:54:09,2023-03-04,02:27:33,Srikakulam,Home Delivery
283,C161,20,6,2023-12-25,18:24:08,2023-12-25,15:32:39,Visakhapatnam,Drive-thru
458,C176,9,3,08-09-2023,19:33:31,08-09-2023,11:57:57,Nashik,Takeaway
560,C075,43,1,2023-05-09,02:46:54,2023-05-09,08:38:53,Dindigul,Takeaway
683,C029,41,4,2023-11-13,03:45:37,2023-11-13,03:37:29,Sikar,Home Delivery
646,C094,12,4,06/08/2023,23:26:34,06/08/2023,03:11:01,,Drive-thru
760,C066,,1,26/05/2023,17:00:43,26/05/2023,06:17:59,,Home Delivery
414,C187,27,5,2023-11-27,,2023-11-27,14:41:17,Guntur,Takeaway
250,C173,9,3,02 Mar 2023,00:17:01,02 Mar 2023,16:53:44,Gangtok,Home Delivery
521,C061,33,6,2023-05-28,09:11:16,2023-05-28,08:57:32,Tenali,Drive-thru
12,C012,27,3,13 Dec 2023,18:42:31,13 Dec 2023,03:33:28,Malda,Drive-thru
998,C083,23,,15 Sep 2023,13:14:28,15 Sep 2023,00:08:03,Amravati,Home Delivery
749,C019,18,4,2023-06-15,07:16:32,2023-06-15,06:36:08,Bhopal,Dine-in
495,C027,26,4,19/01/2023,09:59:32,19/01/2023,04:08:03,Dhanbad,Dine-in
234,C096,26,4,14/12/2023,23:58:19,14/12/2023,10:22:15,Gaya,Home Delivery
65,C148,5,2,2023-06-12,14:54:10,2023-06-12,13:51:15,Rewa,Drive-thru
114,C028,40,6,28/10/2023,11:28:41,28/10/2023,19:34:27,Kollam,Takeaway
500,C088,23,6,30 May 2023,03:58:40,30 May 2023,13:47:46,Sambhal,Dine-in
914,C198,44,6,04 May 2023,18:52:33,04 May 2023,09:12:55,Navi Mumbai,Home Delivery
26,C199,19,2,04-06-2023,13:48:14,04-06-2023,14:39:01,Gulbarga,Dine-in
532,C048,34,1,2023-09-16,07:14:12,2023-09-16,11:43:48,Berhampur,Drive-thru
798,C024,8,6,19-08-2023,19:40:40,19-08-2023,15:18:54,Hospet,Dine-in
185,C159,41,6,12-11-2023,23:14:14,12-11-2023,06:16:37,,Drive-thru
73,C008,6,1,25-11-2023,03:10:52,25-11-2023,11:58:15,Fatehpur,Takeaway
801,C042,56,2,02 Apr 2023,15:19:53,02 Apr 2023,21:23:19,Latur,Drive-thru
598,C156,7,2,01 Sep 2023,14:37:48,01 Sep 2023,01:17:13,Rourkela,
438,C176,35,6,2023-09-01,08:58:54,2023-09-01,14:30:10,Nashik,Home Delivery
244,C116,38,,19/07/2023,04:07:39,19/07/2023,09:06:55,Mira-Bhayandar,Takeaway
168,C049,52,5,10/12/2023,20:05:41,10/12/2023,04:34:13,Panvel,Drive-thru
844,C148,49,3,24 Nov 2023,15:46:18,24 Nov 2023,00:07:11,Rewa,Home Delivery
920,C155,9,4,03/12/2023,07:01:17,03/12/2023,23:07:20,Ajmer,Dine-in
676,C137,,6,09/09/2023,07:07:04,09/09/2023,09:28:05,Gorakhpur,Home Delivery
952,C017,8,3,14/03/2023,,14/03/2023,20:49:01,Warangal,Takeaway
980,C056,38,4,25/08/2023,07:55:55,25/08/2023,14:16:22,Navi Mumbai,Dine-in
353,C128,27,5,03/09/2023,19:38:32,03/09/2023,11:40:34,Jalna,Dine-in
248,C157,26,5,2023-02-28,08:44:24,2023-02-28,17:05:58,Gandhinagar,Home Delivery
373,C033,12,6,01-01-2023,15:02:32,01-01-2023,20:49:59,Nellore,Dine-in
131,C067,42,3,21 Dec 2023,14:17:15,21 Dec 2023,06:32:38,Munger,Dine-in
525,C199,47,2,31/05/2023,22:34:15,31/05/2023,13:29:18,Gulbarga,Takeaway
533,C140,35,4,17/02/2023,05:05:37,17/02/2023,01:11:25,Rourkela,Takeaway
507,C131,50,2,21-12-2023,05:21:28,21-12-2023,21:07:55,Gangtok,Takeaway
452,C137,13,6,11-07-2023,18:25:58,11-07-2023,12:58:20,Gorakhpur,Home Delivery
704,C188,13,1,19 Dec 2023,20:00:20,19 Dec 2023,09:39:49,Deoghar,Home Delivery
653,C026,45,,31-01-2023,17:49:40,31-01-2023,15:40:57,Morbi,Home Delivery
764,C131,46,1,11-06-2023,19:11:21,11-06-2023,16:27:22,Gangtok,Dine-in
176,C067,36,5,24 Oct 2023,16:33:30,24 Oct 2023,13:31:26,Munger,Home Delivery
517,C098,10,1,2023-12-10,,2023-12-10,13:22:56,Yamunanagar,Takeaway
328,C195,43,4,07/06/2023,23:59:50,07/06/2023,02:06:34,Hospet,Takeaway
841,C186,3,4,2023-07-18,23:18:21,2023-07-18,10:59:05,Begusarai,Dine-in
526,C175,5,2,30 Mar 2023,20:34:46,30 Mar 2023,02:12:13,Secunderabad,Drive-thru
301,C005,38,,08 Jan 2023,16:28:03,08 Jan 2023,16:42:38,Kishanganj,Takeaway
665,C102,7,1,2023-02-02,12:47:26,2023-02-02,04:37:41,Sultan Pur Majra,Dine-in
110,C032,37,6,2023-10-06,00:26:18,2023-10-06,19:57:59,Pune,Drive-thru
71,C161,20,5,2023-10-01,17:35:37,2023-10-01,17:46:54,Visakhapatnam,Takeaway
199,C193,53,6,23-07-2023,20:41:39,23-07-2023,19:59:01,Raipur,
795,C106,21,4,13 Jan 2023,04:09:37,13 Jan 2023,,Erode,Drive-thru
347,C006,,2,2023-11-27,20:38:36,2023-11-27,17:19:19,Dehri,Takeaway
222,C189,45,6,09 Sep 2023,18:29:15,09 Sep 2023,20:09:06,KOTA,Home Delivery
940,C185,38,2,08 Sep 2023,18:49:20,08 Sep 2023,05:25:50,Rohtak,Dine-in
977,C029,55,4,23-08-2023,06:54:44,23-08-2023,19:49:29,Sikar,Takeaway
369,C096,46,6,2023-07-22,08:52:49,2023-07-22,,Gaya,Home Delivery
883,C185,57,4,03 Dec 2023,04:08:55,03 Dec 2023,17:34:56,Rohtak,Takeaway
291,C090,47,2,2023-11-18,05:39:23,2023-11-18,00:42:55,Singrauli,Drive-thru
863,C137,30,4,30-10-2023,03:06:36,30-10-2023,23:14:39,Gorakhpur,Takeaway
817,C186,45,5,2023-12-28,04:44:32,2023-12-28,,Begusarai,Drive-thru
285,C123,5,2,31/10/2023,01:50:38,31/10/2023,23:06:01,Bahraich,Drive-thru
127,C157,55,,2023-07-27,03:29:55,2023-07-27,19:50:02,Gandhinagar,Home Delivery
442,C108,51,3,10 Jul 2023,10:23:53,10 Jul 2023,06:16:49,Anand,Home Delivery
224,C152,35,2,16-12-2023,09:04:38,16-12-2023,23:19:57,Tezpur,Drive-thru
513,C054,40,6,2023-05-29,15:46:34,2023-05-29,,Akola,Takeaway
677,C003,,4,30-05-2023,14:30:16,30-05-2023,01:17:15,Gangtok,Dine-in
519,C016,45,3,2023-04-15,19:06:42,2023-04-15,21:41:02,Chandrapur,Home Delivery
502,C028,17,5,2023-04-11,16:05:17,2023-04-11,,Kollam,Dine-in
573,C094,26,2,2023-10-29,00:28:11,2023-10-29,14:59:28,Nangloi Jat,Takeaway
925,C113,5,4,13 Apr 2023,06:46:19,13 Apr 2023,09:54:45,Gopalpur,Takeaway
448,C086,41,2,10 Jun 2023,13:43:14,10 Jun 2023,07:12:20,Bhilai,Dine-in
360,C137,53,6,29/01/2023,23:09:55,29/01/2023,07:26:01,Gorakhpur,Drive-thru
398,C100,53,5,03-08-2023,09:28:26,03-08-2023,19:10:25,Motihari,Takeaway
330,C183,18,1,23/01/2023,06:05:01,23/01/2023,02:39:31,Satna,Drive-thru
205,C092,,4,10-08-2023,00:53:58,10-08-2023,09:31:18,Ghaziabad,Drive-thru
990,C161,30,6,2023-11-21,16:41:04,2023-11-21,01:23:29,Visakhapatnam,Dine-in
878,C061,28,6,30 Oct 2023,18:32:45,30 Oct 2023,20:08:55,Tenali,Home Delivery
393,C126,58,6,2023-05-16,07:36:09,2023-05-16,23:59:31,Mathura,Drive-thru
320,C147,24,1,2023-09-15,23:46:06,2023-09-15,15:30:29,RAURKELA INDUSTRIAL TOWNSHIP,Takeaway
116,C026,27,,30/08/2023,01:44:49,30/08/2023,08:23:24,Morbi,Takeaway
820,C047,,5,30/04/2023,19:03:06,30/04/2023,13:19:28,Dharmavaram,Takeaway
792,C119,11,4,31 May 2023,08:00:34,31 May 2023,19:47:05,Nangloi Jat,Takeaway
738,C153,42,3,2023-01-20,09:16:53,2023-01-20,03:31:10,Mau,Dine-in
239,C018,20,1,2023-12-30,14:25:02,2023-12-30,15:27:36,Kozhikode,Dine-in
125,C042,47,4,2023-11-28,01:32:53,2023-11-28,14:33:05,Latur,Takeaway
645,C141,17,2,18-05-2023,23:18:16,18-05-2023,12:18:00,Kota,Home Delivery
11,C042,12,6,16/11/2023,10:25:33,16/11/2023,17:08:09,LATUR,Drive-thru
148,C168,56,3,02 Mar 2023,05:49:07,02 Mar 2023,16:38:47,Gandhinagar,Drive-thru
894,C117,33,4,2023-10-21,22:10:48,2023-10-21,21:04:50,Guwahati,Drive-thru
709,C136,10,4,2023-06-01,10:42:39,2023-06-01,03:07:42,Kolhapur,Home Delivery
482,C041,7,4,30/10/2023,16:22:04,30/10/2023,16:14:08,Bhilai,Drive-thru
260,C200,30,5,11-09-2023,12:08:16,11-09-2023,13:02:20,Firozabad,Dine-in
307,C023,60,4,2023-03-01,10:41:09,2023-03-01,14:28:08,Khandwa,Dine-in
978,C195,22,2,01/06/2023,20:36:51,01/06/2023,12:36:26,Hospet,Takeaway
684,C180,40,4,07-04-2023,22:52:07,07-04-2023,23:51:44,Rourkela,Dine-in
973,C014,57,4,16/03/2023,12:28:21,16/03/2023,08:38:50,Tenali,Drive-thru
887,C148,32,6,02-05-2023,00:41:43,02-05-2023,15:51:49,Rewa,Drive-thru
164,C144,27,4,13-10-2023,03:16:58,13-10-2023,15:54:10,Aizawl,
70,C065,13,6,10/10/2023,14:25:53,10/10/2023,,Panipat,Takeaway
363,C146,37,2,16/10/2023,02:48:46,16/10/2023,10:53:45,Hospet,Drive-thru
223,C097,18,4,06/07/2023,17:11:13,06/07/2023,05:03:13,,Takeaway
635,C053,15,2,08/05/2023,23:46:56,08/05/2023,,Begusarai,Takeaway
427,C166,12,,05 Jan 2023,21:10:13,05 Jan 2023,18:38:04,Panipat,Home Delivery
721,C158,18,5,21-01-2023,02:08:30,21-01-2023,18:35:29,Patiala,Home Delivery
596,C059,25,4,09 Mar 2023,08:00:33,09 Mar 2023,00:36:42,Asansol,
241,C133,12,5,23 Mar 2023,09:14:57,23 Mar 2023,11:23:58,Panihati,Drive-thru
319,C083,16,4,13 Jun 2023,13:38:21,13 Jun 2023,,Amravati,Dine-in
184,C003,14,5,2023-08-22,,2023-08-22,22:41:13,Gangtok,Dine-in
3,C021,38,6,14/03/2023,00:52:14,14/03/2023,17:10:14,Tadepalligudem,Home Delivery
681,C073,42,6,30-09-2023,14:03:59,30-09-2023,06:25:21,Jalgaon,Drive-thru
682,C049,55,1,2023-04-04,09:33:05,2023-04-04,18:38:04,Panvel,Home Delivery
523,C191,17,2,14/11/2023,14:31:21,14/11/2023,04:11:14,,Takeaway
895,C091,52,3,29/05/2023,11:41:07,29/05/2023,08:05:05,Faridabad,Dine-in
550,C156,6,3,13 Aug 2023,14:42:55,13 Aug 2023,11:09:52,Rourkela,Drive-thru
880,C170,12,4,13 Mar 2023,12:13:55,13 Mar 2023,07:43:23,Ballia,Drive-thru
782,C035,,5,29 Aug 2023,00:56:59,29 Aug 2023,00:25:35,Srinagar,Takeaway
491,C043,5,4,14 Jun 2023,14:38:05,14 Jun 2023,14:35:19,Hapur,Home Delivery
867,C170,43,1,31-12-2023,21:27:59,31-12-2023,05:08:16,Ballia,Dine-in
666,C007,50,4,26/09/2023,19:04:38,26/09/2023,21:48:57,Dindigul,Dine-in
985,C127,16,1,13 Oct 2023,04:35:20,13 Oct 2023,07:30:24,Gaya,Drive-thru
229,C140,3,3,26 Dec 2023,01:35:02,26 Dec 2023,02:19:30,Rourkela,Dine-in
33,C192,2,3,2023-02-04,15:18:57,2023-02-04,,Tiruchirappalli,Takeaway
189,C028,59,1,26-09-2023,13:58:21,26-09-2023,22:34:11,Kollam,Takeaway
271,C148,41,3,18/11/2023,10:07:27,18/11/2023,,Rewa,Drive-thru
385,C153,40,4,2023-12-27,19:50:12,2023-12-27,19:39:31,Mau,Drive-thru
544,C007,30,6,19 Jun 2023,06:26:03,19 Jun 2023,09:09:56,Dindigul,Dine-in
169,C054,56,3,05 Jun 2023,15:20:27,05 Jun 2023,01:41:14,Akola,Takeaway
44,C187,28,1,09/08/2023,14:58:30,09/08/2023,22:35:59,Guntur,Home Delivery
26,C199,19,2,04-06-2023,13:48:14,04-06-2023,14:39:01,Gulbarga,Dine-in
352,C039,3,5,14-11-2023,20:06:30,14-11-2023,08:09:27,Alwar,Home Delivery
445,C136,20,4,28 Jan 2023,21:13:21,28 Jan 2023,20:38:34,Kolhapur,Takeaway
913,C069,52,,11-05-2023,04:17:40,11-05-2023,16:11:01,Solapur,Drive-thru
405,C180,40,5,25/09/2023,20:21:01,25/09/2023,10:21:58,Rourkela,Dine-in
836,C078,14,5,04-06-2023,23:18:53,04-06-2023,20:29:37,Amroha,Dine-in
294,C110,21,2,07 May 2023,14:52:40,07 May 2023,09:28:23,Nashik,Dine-in
413,C035,20,6,15/08/2023,00:03:42,15/08/2023,02:35:05,Srinagar,Home Delivery
89,C187,24,4,2023-07-07,04:10:22,2023-07-07,04:00:13,Guntur,Drive-thru
235,C007,31,1,01/06/2023,15:30:28,01/06/2023,01:04:03,Dindigul,Dine-in
723,C137,25,2,2023-04-09,,2023-04-09,21:31:50,Gorakhpur,Takeaway
545,C019,4,2,09-05-2023,02:53:32,09-05-2023,,Bhopal,Takeaway
912,C157,59,6,20/05/2023,08:53:27,20/05/2023,17:40:00,Gandhinagar,
399,C122,20,1,22-07-2023,18:59:39,22-07-2023,18:12:13,Madhyamgram,Takeaway
210,C048,28,4,13/10/2023,07:30:52,13/10/2023,10:15:25,Berhampur,Dine-in
81,C062,30,1,17 May 2023,18:36:02,17 May 2023,17:04:14,Sikar,Takeaway
25,C056,54,2,08/10/2023,03:19:08,08/10/2023,03:26:50,Navi Mumbai,Dine-in
171,C102,,2,2023-10-10,03:53:13,2023-10-10,20:56:26,Sultan Pur Majra,Home Delivery
400,C031,49,4,2023-03-30,01:44:17,2023-03-30,21:47:06,Shimla,Takeaway
269,C180,56,2,08 May 2023,09:58:27,08 May 2023,09:29:30,Rourkela,Home Delivery
909,C122,17,2,29 Sep 2023,09:23:48,29 Sep 2023,16:06:28,Madhyamgram,Dine-in
246,C094,21,2,23/08/2023,05:34:34,23/08/2023,20:34:04,Nangloi Jat,Home Delivery
410,C102,57,3,20-12-2023,18:57:31,20-12-2023,21:13:16,Sultan Pur Majra,Dine-in
6,C172,45,6,2023-12-17,13:49:11,2023-12-17,18:50:23,Haridwar,Drive-thru
790,C133,35,4,21/01/2023,08:13:44,21/01/2023,11:47:15,Panihati,Dine-in
432,C176,7,4,02-02-2023,19:25:04,02-02-2023,03:28:01,Nashik,Home Delivery
725,C173,30,6,07/12/2023,08:04:28,07/12/2023,21:06:02,,Dine-in
230,C197,16,6,07/12/2023,13:55:55,07/12/2023,,Farrukhabad,Takeaway
284,C168,6,6,2023-02-18,17:27:04,2023-02-18,01:26:42,Gandhinagar,Takeaway
340,C181,45,5,21 Jan 2023,,21 Jan 2023,00:06:24,Rajkot,Home Delivery
88,C138,,1,2023-08-09,16:12:08,2023-08-09,21:47:43,Thane,Home Delivery
343,C008,26,4,2023-10-12,11:30:33,2023-10-12,04:16:29,Fatehpur,Dine-in
403,C187,59,1,14 Feb 2023,12:17:51,14 Feb 2023,,Guntur,Drive-thru
612,C055,33,4,23 Jun 2023,02:47:07,23 Jun 2023,20:35:41,Nangloi Jat,Takeaway
783,C100,32,4,2023-03-12,09:02:57,2023-03-12,03:43:18,Motihari,Takeaway
708,C071,56,5,11 Oct 2023,19:27:10,11 Oct 2023,,Ongole,Dine-in
662,C114,50,3,28-10-2023,15:58:22,28-10-2023,05:46:01,Vijayawada,Drive-thru
539,C132,52,5,17/08/2023,09:58:05,17/08/2023,18:33:06,Rajpur Sonarpur,Dine-in
136,C180,36,4,03 Oct 2023,10:27:21,03 Oct 2023,,,Takeaway
347,C006,,2,2023-11-27,20:38:36,2023-11-27,17:19:19,Dehri,Takeaway
266,C146,23,5,24/05/2023,16:52:16,24/05/2023,13:31:03,Hospet,Home Delivery
715,C134,43,1,2023-01-23,15:42:57,2023-01-23,04:49:11,Guntakal,Takeaway
457,C187,34,5,26-09-2023,,26-09-2023,02:25:39,Guntur,Drive-thru
585,C043,15,1,2023-09-21,04:12:59,2023-09-21,10:59:05,Hapur,Takeaway
724,C143,48,5,01/08/2023,10:10:00,01/08/2023,08:23:04,Jalna,Home Delivery
362,C189,45,3,30/10/2023,12:13:45,30/10/2023,04:43:00,Kota,Home Delivery
947,C079,53,1,22 Aug 2023,15:23:29,22 Aug 2023,16:52:52,Jabalpur,Dine-in
579,C100,,4,24/01/2023,00:35:06,24/01/2023,21:15:43,Motihari,Home Delivery
520,C116,7,5,12/12/2023,10:08:33,12/12/2023,23:32:10,Mira-Bhayandar,Drive-thru
825,C130,36,3,04-01-2023,16:24:13,04-01-2023,05:47:28,Kavali,Home Delivery
55,C007,48,2,2023-09-13,12:06:48,2023-09-13,16:06:47,Dindigul,Dine-in
141,C131,29,1,21 Aug 2023,12:59:02,21 Aug 2023,,Gangtok,Drive-thru
46,C115,39,6,07-08-2023,20:46:14,07-08-2023,01:47:35,Bhimavaram,Drive-thru
967,C012,7,6,2023-01-27,19:39:19,2023-01-27,16:24:53,Malda,Takeaway
620,C023,18,4,30 Jun 2023,15:27:29,30 Jun 2023,13:49:54,Khandwa,Drive-thru
74,C197,37,4,2023-11-13,23:21:09,2023-11-13,03:21:14,Farrukhabad,Drive-thru
604,C002,46,6,04-01-2023,04:56:47,04-01-2023,07:33:20,KOZHIKODE,Dine-in
22,C026,54,6,29 Nov 2023,17:19:50,29 Nov 2023,08:32:13,Morbi,Takeaway
422,C046,56,4,28 Oct 2023,18:43:06,28 Oct 2023,12:28:00,TIRUNELVELI,Home Delivery
515,C195,23,5,03-09-2023,14:47:58,03-09-2023,08:11:58,Hospet,Home Delivery
692,C198,29,2,18-01-2023,15:14:42,18-01-2023,06:34:48,Navi Mumbai,Drive-thru
39,C132,26,5,31/08/2023,,31/08/2023,21:13:53,Rajpur Sonarpur,Dine-in
483,C047,40,4,03-07-2023,16:39:24,03-07-2023,,Dharmavaram,Takeaway
175,C106,3,5,24 Apr 2023,15:42:35,24 Apr 2023,07:38:45,Erode,Dine-in
40,C193,42,2,2023-05-27,15:34:50,2023-05-27,18:58:03,Raipur,Dine-in
59,C023,52,6,13-06-2023,12:49:51,13-06-2023,10:53:09,Khandwa,Dine-in
255,C159,4,3,2023-01-05,22:36:39,2023-01-05,07:58:16,Bhalswa Jahangir Pur,Takeaway
784,C058,3,4,08-01-2023,08:08:59,08-01-2023,02:23:56,Bhatpara,Drive-thru
200,C042,37,2,18/10/2023,12:23:55,18/10/2023,22:53:01,Latur,Home Delivery
786,C046,60,4,2023-11-12,11:35:14,2023-11-12,05:57:30,Tirunelveli,Home Delivery
728,C081,36,3,10/07/2023,13:17:38,10/07/2023,,Sri Ganganagar,Drive-thru
807,C141,18,5,18 Nov 2023,15:58:50,18 Nov 2023,17:04:14,Kota,Dine-in
675,C001,34,2,26-06-2023,19:37:31,26-06-2023,16:56:34,Rajahmundry,Drive-thru
105,C135,25,,2023-03-30,12:53:44,2023-03-30,04:22:53,Asansol,Home Delivery
91,C019,25,5,19 Aug 2023,01:15:43,19 Aug 2023,,Bhopal,Dine-in
588,C123,14,5,2023-03-24,16:16:02,2023-03-24,12:09:53,Bahraich,Dine-in
576,C115,11,,17/10/2023,08:56:11,17/10/2023,,Bhimavaram,Drive-thru
493,C061,6,4,2023-08-16,21:47:44,2023-08-16,12:19:51,Tenali,Dine-in
810,C023,4,1,02-08-2023,09:11:24,02-08-2023,03:41:13,KHANDWA,Takeaway
263,C009,29,3,28-06-2023,23:53:23,28-06-2023,23:38:55,Giridih,Drive-thru
130,C061,29,3,2023-06-18,09:51:00,2023-06-18,,Tenali,Dine-in
443,C119,55,1,29/08/2023,13:11:02,29/08/2023,08:55:49,Nangloi Jat,Dine-in
354,C072,25,2,03/08/2023,22:36:14,03/08/2023,15:41:00,Noida,Takeaway
874,C077,37,6,05-06-2023,14:32:49,05-06-2023,12:11:31,Gandhidham,Home Delivery
852,C099,4,1,07-08-2023,02:44:32,07-08-2023,12:59:19,Srikakulam,Takeaway
366,C001,22,5,14/04/2023,16:31:28,14/04/2023,10:56:56,Rajahmundry,Home Delivery
608,C194,14,4,10/10/2023,14:56:23,10/10/2023,15:02:10,Kakinada,Takeaway
624,C148,1,3,31-03-2023,06:01:39,31-03-2023,03:29:43,Rewa,Dine-in
474,C165,15,4,2023-06-01,,2023-06-01,12:13:43,Hazaribagh,Drive-thru
625,C144,5,5,31 May 2023,20:59:04,31 May 2023,15:57:32,AIZAWL,Dine-in
736,C077,6,5,24-07-2023,13:40:31,24-07-2023,,Gandhidham,Dine-in
626,C132,17,5,22-10-2023,06:42:43,22-10-2023,12:28:54,Rajpur Sonarpur,Drive-thru
481,C167,57,2,27 Feb 2023,05:00:50,27 Feb 2023,12:49:29,Kharagpur,Dine-in
295,C064,,5,04 Nov 2023,21:46:15,04 Nov 2023,17:30:26,Kota,Dine-in
