Product_ID,Product_Name,Category,Price (INR),Meal_Type
35,9 Pc Chicken Bucket,Bucket Meals,199,Dinner
57,Loaded Rice Bowl,Rice Bowlz,229,Dinner
55,Pepsi Regular,Beverages,179,Lunch
9,Peri Peri Fries,Sides,449,Breakfast
27,Rice Bowl Combo,combo meals,149,All Day
5,2 Pc Chicken Combo,Combo Meals,899,Lunch
41,Zinger Burger Combo,combo meals,349,Snack Time
40,Zinger Burger Combo,Combo Meals,449,Breakfast
23,Regular Fries,Sides,699,Breakfast
16,Family Feast Bucket,bucket meals,242,Lunch
14,Crispy Chicken Burger,Breakfast,299,Dinner
33,Loaded Rice Bowl,Rice Bowlz,99,Dinner
6,Rice Bowl Combo,Combo Meals,299,Breakfast
44,Rice Bowl Combo,Combo Meals,179,Breakfast
24,Swirl Ice Cream Cone,Desserts,349,Lunch
50,  Veg Wrap  ,Wraps,999,Snack Time
56,Veg Wrap,Wraps,899,Breakfast
30,Brownie Fudge,Desserts,615,All Day
48,Crispy Chicken Burger,Burgers,449,All Day
29,Double Chicken Burger,Burgers,549,Snack Time
2,Veg Wrap,Wraps,179,Snack Time
43,Family Feast Bucket,Breakfast,499,Breakfast
21,Chicken Twister Wrap,Wraps,449,Breakfast
42,Choco Krusher,Beverages,342,Lunch
1,Crispy Chicken Burger,Burgers,349,Lunch
38,Chicken Twister Wrap,Wraps,299,Snack Time
59,2 Pc Chicken Combo,Combo Meals,129,Snack Time
31,Fiery Chicken Burger,Burgers,899,Dinner
22,6 Pc Chicken Bucket,Bucket Meals,249,Snack Time
17,Coleslaw,Sides,249,Dinner
34,Zinger Burger Combo,Combo Meals,799,All Day
18,Paneer Krunch Burger,Burgers,449,Snack Time
54,Golden Fried Drumstick,Fried Chicken,179,All Day
37,Hot & Crispy Chicken,Fried Chicken,499,Dinner
12,Double Chicken Burger,Burgers,149,Snack Time
36,Chicken Rice Bowl,rice bowlz,449,Breakfast
49,Zinger Burger Combo,Combo Meals,349,Breakfast
25,Double Chicken Wrap,Wraps,449,Breakfast
10,Veg Supreme Burger,Burgers,499,Snack Time
20,  9 Pc Chicken Bucket  ,Bucket Meals,449,All Day
13,12 Pc Chicken Bucket,Bucket Meals,999,Lunch
28,Zesty Zinger Burger,Burgers,229,Breakfast
11,6 Pc Chicken Bucket,Bucket Meals,649,Snack Time
51,Swirl Ice Cream Cone,Desserts,699,Breakfast
26,Pepsi Regular,Beverages,299,Lunch
3,Paneer Krunch Burger,Burgers,599,All Day
58,Swirl Ice Cream Cone,Desserts,419,Breakfast
15,Zesty Zinger Burger,Burgers,179,Breakfast
47,Hot & Crispy Chicken,Fried Chicken,129,Lunch
39,Crispy Chicken Burger,Burgers,699,All Day
8,Coleslaw,Sides,199,Lunch
19,Veg Wrap,Wraps,649,Breakfast
7,6 Pc Chicken Bucket,Bucket Meals,229,Breakfast
46,Zinger Burger Combo,Combo Meals,999,Lunch
52,Chicken Twister Wrap,Wraps,179,Breakfast
32,Peri Peri Fries,Sides,399,Breakfast
60,Hot & Crispy Chicken,Fried Chicken,419,Lunch
4,Hot & Crispy Chicken,Fried Chicken,249,Lunch
53,Potato & Herb Rice,Sides,599,Breakfast
45,Chicken Twister Wrap,Wraps,449,All Day
