,Customer_ID,Name,City,Email,Gender,Address
0,C176,Arjun Chokshi,Nashik,arjun279@outlook.com,Male,"H.No. 498
Mitra Nagar, Nashik 618499"
1,C140,Prisha Virk,Rourkela,prisha689@hotmail.com,Female,"H.No. 843
Bose Road, Rourkela 778507"
2,C192,Triya Yadav,Tiruchirappalli,triya885@hotmail.com,Female,"18/61
Andra Chowk, Tiruchirappalli 157399"
4,C110,Zaitra Bandi,Nashik,zaitra393@yahoo.com,Female,"H.No. 521
Bhasin Path, Nashik 997700"
5,C118,Wyatt Bose,Chandrapur,wyatt892@yahoo.com,Male,"68/44
Natarajan Marg, Chandrapur 965756"
7,C200,meera dey,Firozabad,meera696@gmail.com,Female,"H.No. 663
Lad Nagar, Firozabad 887256"
8,C136,Parth Sanghvi,Kolhapur,parth806@hotmail.com,Male,"H.No. 280
Jha Road, Kolhapur 898364"
9,C197,Ronith Yogi,Farrukhabad,ronith462@gmail.com,Male,"H.No. 858
Hari Road, Farrukhabad 129087"
10,C115,Raghav Sankaran,Bhimavaram,raghav240@outlook.com,Male,"191/61
Ramachandran Street, Bhimavaram 551104"
11,C150,Logan Rajagopal,Gurgaon,logan658@gmail.com,M,"86/32
Thakkar Path, Gurgaon 564205"
12,C003,CHAAYA MEMON,Gangtok,chaaya159@yahoo.com,Female,"15/75
Patla Chowk, Gangtok 255341"
13,C115,Raghav Sankaran,Bhimavaram,raghav240@outlook.com,Male,"191/61
Ramachandran Street, Bhimavaram 551104"
14,C167,Chandani Mane,Kharagpur,chandani421@hotmail.com,F,"H.No. 769
Andra Nagar, Kharagpur 722903"
15,C068,Nilima Ramanathan,Hindupur,nilima651@outlook.com,Female,"H.No. 446
Badami Path, Hindupur 542357"
16,C084,Yashasvi Ganguly,Bahraich,yashasvi491@outlook.com,F,"14/33
Saha Ganj, Tirunelveli 907844"
17,C099,Dhriti Merchant,Srikakulam,dhriti939@hotmail.com,Female,"150/56
Yogi Chowk, Srikakulam 339187"
18,C195,Kai Reddy,Hospet,kai630@outlook.com,Male,"142/95
Bath, Hospet 158144"
19,C200,meera dey,Firozabad,meera696@gmail.com,Female,"H.No. 663
Lad Nagar, Firozabad 887256"
21,C182,Abdul Dugar,Shimla,abdul390@yahoo.com,Male,"H.No. 854
Radhakrishnan Circle, Shimla 631779"
22,C184,Jasmit Sha,Karaikudi,jasmit588@outlook.com,Female,"H.No. 428
Manne Path, Karaikudi 885102"
23,C019,Ryan Yadav,Bhopal,ryan131@gmail.com,Male,"11/46
Sarin Path, Bhopal 981693"
24,C010,JAIRAJ SOLANKI,Jhansi,jairaj551@yahoo.com,Male,"H.No. 136
Nori Marg, Jhansi 133387"
26,C004,Jason Gade,Nadiad,jason59@gmail.com,Male,"H.No. 515
Kakar Zila, Nadiad 953767"
27,C065,Wahab Sathe,Panipat,wahab714@hotmail.com,Male,"H.No. 615
Mangat Path, Panipat 119986"
28,C041,Mitali Sarma,Bhilai,mitali250@yahoo.com,Female,"H.No. 6
Comar Ganj, Bhilai 712748"
29,C173,Mahika Kadakia,Gangtok,mahika146@gmail.com,Female,"136/28
Agrawal Marg, Gangtok 083505"
30,C063,Pratyush Chakrabarti,Aligarh,pratyush988@hotmail.com,Male,"7/40
Ganguly Path, Aligarh 181883"
32,C121,Andrew Parsa,Moradabad,andrew647@hotmail.com,Male,"H.No. 765
Chaudhari Nagar, Moradabad 438889"
33,C044,Anita Date,Salem,anita821@outlook.com,Female,"H.No. 573
Nigam Road, Salem 961586"
34,C029,AMARA MUNI,Sikar,amara447@gmail.com,Female,"148/25
Walia Path, Sikar 651850"
35,C137,Jagdish Talwar,Gorakhpur,jagdish936@outlook.com,Male,"H.No. 303
Salvi, Gorakhpur 582710"
37,C178,Kamya Agate,Hubli–Dharwad,kamya114@hotmail.com,Female,"H.No. 608
Minhas Chowk, Hubli–Dharwad 470120"
41,C097,Oni Gaba,Bardhaman,oni619@hotmail.com,Female,"59/87
Narang Circle, Bardhaman 161227"
42,C013,Ayush Trivedi,Gaya,ayush119@gmail.com,Male,"H.No. 160
Bumb Nagar, Gaya 699854"
43,C050,Abhimanyu Lalla,Malda,abhimanyu425@outlook.com,Male,"120/54
Narang Circle, Malda 931746"
44,C072,Avni Randhawa,Noida,avni30@outlook.com,Female,"H.No. 187
Mangat Nagar, Noida 727790"
45,C050,Abhimanyu Lalla,Malda,abhimanyu425@outlook.com,Male,"120/54
Narang Circle, Malda 931746"
46,C122,Udant Prasad,Madhyamgram,udant101@gmail.com,Male,"178/39
Dhar Zila, Madhyamgram 545738"
48,C099,Dhriti Merchant,Srikakulam,dhriti939@hotmail.com,Female,"150/56
Yogi Chowk, Srikakulam 339187"
49,C190,Isaiah Pillai,Jammu,isaiah617@yahoo.com,Male,"H.No. 672
Mallick Marg, Jammu 842294"
51,C095,Oni Sodhi,Durgapur,oni128@outlook.com,Female,"H.No. 717
Chakraborty Nagar, Durgapur 938026"
54,C006,Reyansh Raj,Dehri,reyansh414@gmail.com,Male,"H.No. 584
Setty Street, Dehri 048281"
55,C090,NIHAL NAGAR,Singrauli,nihal566@gmail.com,Male,"105/58
Badal Chowk, Singrauli 551694"
56,C092,Tripti Thaker,Ghaziabad,tripti704@yahoo.com,Female,"H.No. 807
Walia Chowk, Ghaziabad 585497"
57,C194,Aarush Bhatti,Kakinada,aarush473@outlook.com,Male,"95/37
Chahal Nagar, Kakinada 102481"
58,C157,Balhaar Oommen,Bahraich,balhaar516@yahoo.com,Male,"H.No. 45
Saraf Street, Gandhinagar 201533"
59,C166,Arya Patel,Panipat,arya570@gmail.com,F,"H.No. 576
Goel Chowk, Panipat 798552"
61,C193,anusha nagi,Raipur,anusha816@hotmail.com,Female,"H.No. 361
Bassi Chowk, Raipur 435811"
62,C033,Ladli Kashyap,Nellore,ladli413@hotmail.com,Female,"H.No. 197
Mandal, Nellore 134352"
63,C154,Gaurangi Sarkar,Ratlam,gaurangi113@gmail.com,Female,"92/31
Goel Street, Ratlam 096902"
64,C096,Anita Ranganathan,Gaya,anita513@outlook.com,Female,"154/6
Viswanathan Circle, Gaya 728743"
65,C014,Nirja Khare,Tenali,nirja620@yahoo.com,Female,"H.No. 209
Yogi Zila, Tenali 384251"
66,C198,Mohini Bhavsar,Navi Mumbai,mohini517@yahoo.com,F,"182/57
Hari Zila, Navi Mumbai 577594"
67,C102,Ucchal Prasad,Sultan Pur Majra,ucchal466@gmail.com,F,"83/15
Datta Circle, Sultan Pur Majra 300478"
68,C049,Gagan Iyer,Panvel,gagan237@outlook.com,Male,"H.No. 724
Borra Chowk, Panvel 236851"
69,C156,Reyansh Sarma,Rourkela,reyansh488@outlook.com,Male,"H.No. 526
Seth Street, Rourkela 104054"
70,C149,Siya Taneja,Eluru,siya408@hotmail.com,F,"32/59
Korpal, Eluru 476870"
71,C174,ADYA AGRAWAL,Kamarhati,adya465@hotmail.com,Female,"80/93
Misra Nagar, Kamarhati 478985"
72,C016,Harsh Lalla,Chandrapur,harsh342@yahoo.com,Male,"H.No. 269
Sane Chowk, Chandrapur 801128"
73,C010,JAIRAJ SOLANKI,Jhansi,jairaj551@yahoo.com,Male,"H.No. 136
Nori Marg, Jhansi 133387"
75,C058,Damini Tripathi,Bhatpara,damini780@outlook.com,Female,"108/33
Bal Marg, Bhatpara 940244"
76,C101,Vedant Bhardwaj,Aizawl,vedant338@outlook.com,Male,"H.No. 296
Bhasin Zila, Aizawl 170462"
78,C145,Yashawini Deol,Bahraich,yashawini380@outlook.com,Female,"H.No. 745
Nadkarni Path, Aurangabad 743132"
79,C077,Raksha Sarkar,Gandhidham,raksha485@hotmail.com,Female,"191/71
Sani Zila, Gandhidham 928451"
80,C143,Aarna Pillay,Jalna,aarna120@yahoo.com,F,"10/39
Dora Ganj, Jalna 060385"
81,C199,Rajata Mutti,Gulbarga,rajata373@hotmail.com,Female,"H.No. 397
Sehgal Chowk, Gulbarga 547812"
82,C129,Urvi Kamdar,Kota,urvi707@hotmail.com,Female,"78/26
Panchal Ganj, Kota 962923"
84,C133,Vasatika Acharya,Panihati,vasatika652@yahoo.com,Female,"H.No. 695
Randhawa Nagar, Panihati 436110"
85,C073,ADYA KUNDA,Jalgaon,adya364@hotmail.com,Female,"153/90
Saini Ganj, Jalgaon 971179"
86,C024,Vansha Dutt,Hospet,vansha880@outlook.com,Female,"118/45
Magar Ganj, Hospet 558122"
87,C032,VYANJANA SWAMINATHAN,Pune,vyanjana738@hotmail.com,Female,"H.No. 683
Padmanabhan Circle, Pune 685574"
88,C035,Bhavini Rattan,Srinagar,bhavini312@hotmail.com,F,"149/78
Kara Marg, Srinagar 867749"
89,C180,REYANSH SRIDHAR,Rourkela,reyansh309@yahoo.com,Male,"H.No. 783
Raghavan Street, Rourkela 590277"
90,C119,Netra Nagi,Nangloi Jat,netra873@hotmail.com,Female,"H.No. 880
Ramaswamy Road, Nangloi Jat 519398"
91,C174,ADYA AGRAWAL,Kamarhati,adya465@hotmail.com,Female,"80/93
Misra Nagar, Kamarhati 478985"
92,C127,wishi mani,Gaya,wishi683@gmail.com,Female,"H.No. 477
Tiwari Circle, Gaya 767677"
93,C109,Neelima Dua,Ozhukarai,neelima855@outlook.com,Female,"H.No. 250
Ganguly Chowk, Ozhukarai 522872"
94,C012,Aadhya Ramakrishnan,Malda,aadhya684@hotmail.com,Female,"H.No. 107
Bhat Circle, Malda 500978"
96,C181,Tripti Sastry,Rajkot,tripti336@gmail.com,Female,"192/56
Chandran, Rajkot 637562"
98,C185,EKIYA ROUT,Rohtak,ekiya415@gmail.com,F,"H.No. 176
Batra Marg, Rohtak 917798"
99,C148,JANYA DE,Rewa,janya703@hotmail.com,Female,"H.No. 661
Chanda Street, Rewa 510702"
100,C138,Advika Lala,Thane,advika480@gmail.com,Female,"58/87
Dua Circle, Thane 414183"
101,C008,Zinal Dass,Fatehpur,zinal210@hotmail.com,Female,"102/17
Prakash Marg, Fatehpur 787133"
102,C141,Raksha Dugar,Kota,raksha692@yahoo.com,Female,"159/72
Rajagopal Path, Kota 220863"
103,C053,Edhitha Jha,Begusarai,edhitha552@yahoo.com,Female,"70/56
Zachariah Street, Begusarai 421020"
104,C163,Damyanti Chaudhuri,Jorhat,damyanti409@outlook.com,Female,"H.No. 321
Rau Road, Jorhat 299606"
105,C125,Nicholas Hegde,Raipur,nicholas180@gmail.com,Male,"H.No. 392
Pandey Path, Raipur 792499"
108,C002,UDARSH MALL,Kozhikode,udarsh3@outlook.com,Male,"117/37
Padmanabhan Path, Kozhikode 940781"
109,C026,Ubika Yohannan,Morbi,ubika886@gmail.com,F,"H.No. 286
Walla Street, Morbi 069901"
110,C177,Ubika Cheema,Ichalkaranji,ubika280@yahoo.com,Female,"H.No. 117
Merchant Marg, Ichalkaranji 208737"
111,C158,LIBNI MANDA,Patiala,libni659@gmail.com,Female,"123/52
Chahal Marg, Patiala 497310"
112,C160,Karan Kara,Phusro,karan130@hotmail.com,Male,"H.No. 600
Ram Nagar, Phusro 868793"
113,C104,Krisha Basu,Bahraich,krisha641@outlook.com,Female,"H.No. 209
Nagi, Bahraich 342836"
114,C081,Vamakshi Chahal,Sri Ganganagar,vamakshi853@yahoo.com,Female,"93/23
Iyer Zila, Sri Ganganagar 237058"
116,C186,yahvi agrawal,Begusarai,yahvi91@outlook.com,F,"H.No. 250
Nagy, Begusarai 866934"
117,C079,THEODORE BANERJEE,Jabalpur,theodore324@gmail.com,Male,"H.No. 781
Sawhney Path, Jabalpur 192856"
118,C018,Samesh Kothari,Kozhikode,samesh559@gmail.com,Male,"H.No. 597
Bajwa Ganj, Kozhikode 365414"
119,C027,Ekanta Shenoy,Dhanbad,ekanta696@hotmail.com,Female,"H.No. 119
Bumb Road, Dhanbad 708053"
120,C128,Chakrika Balasubramanian,Bahraich,chakrika76@outlook.com,Female,"H.No. 602
Chowdhury Circle, Jalna 914858"
121,C134,WILLIAM BRAHMBHATT,Guntakal,william926@gmail.com,Male,"113/5
Karnik Zila, Guntakal 611155"
123,C192,Triya Yadav,Tiruchirappalli,triya885@hotmail.com,Female,"18/61
Andra Chowk, Tiruchirappalli 157399"
124,C165,Jagvi Ray,Hazaribagh,jagvi94@gmail.com,Female,"25/96
Balakrishnan, Hazaribagh 233030"
128,C021,Shivansh Raghavan,Tadepalligudem,shivansh886@yahoo.com,Male,"H.No. 831
Nagy, Tadepalligudem 777387"
130,C045,Widisha Banik,Bahraich,widisha628@outlook.com,Female,"H.No. 562
Nair Nagar, Noida 045562"
132,C171,Oviya Chakraborty,Raichur,oviya624@hotmail.com,Female,"70/90
Bera Chowk, Raichur 999173"
134,C004,Jason Gade,Nadiad,jason59@gmail.com,Male,"H.No. 515
Kakar Zila, Nadiad 953767"
135,C071,Ekantika Krishna,Ongole,ekantika250@outlook.com,Female,"H.No. 685
Din Circle, Ongole 613750"
136,C056,Utkarsh Tiwari,Navi Mumbai,utkarsh607@gmail.com,Male,"110/18
Chandran Marg, Navi Mumbai 565452"
137,C105,MAHIKA BHAT,Purnia,mahika950@hotmail.com,F,"179/63
Puri Road, Purnia 287334"
138,C011,Udyati Goswami,Surendranagar Dudhrej,udyati901@yahoo.com,F,"41/57
Ray Street, Surendranagar Dudhrej 773602"
139,C112,Victor Kohli,Dewas,victor744@hotmail.com,Male,"H.No. 594
Butala Street, Dewas 765918"
140,C093,Jatin Mallick,Kamarhati,jatin118@yahoo.com,M,"H.No. 273
Raghavan Zila, Kamarhati 652404"
141,C048,Arya Taneja,Berhampur,arya279@hotmail.com,Female,"139/11
Bandi Chowk, Berhampur 952145"
142,C169,Chatura Subramaniam,Naihati,chatura159@outlook.com,Male,"28/45
Raval, Naihati 520744"
143,C135,EKANTIKA RAJA,Asansol,ekantika93@hotmail.com,Female,"107/23
Savant Marg, Asansol 311219"
144,C001,Amaira Maharaj,Rajahmundry,amaira493@yahoo.com,Female,"H.No. 61
Tiwari Ganj, Rajahmundry 908386"
145,C151,ALEXANDER MAND,Chittoor,alexander71@yahoo.com,Male,"H.No. 833
Kanda Nagar, Chittoor 965223"
146,C036,Niharika Bhasin,Dhule,niharika453@outlook.com,Female,"H.No. 524
Seshadri Marg, Dhule 974034"
147,C131,Shravya Suri,Gangtok,shravya23@outlook.com,Female,"145/88
Sura Chowk, Gangtok 590175"
148,C088,Ekani Lalla,Sambhal,ekani583@gmail.com,F,"H.No. 758
Raju Zila, Sambhal 878499"
149,C130,Bhanumati Panchal,Kavali,bhanumati110@yahoo.com,Female,"92/74
Bhargava Marg, Kavali 422325"
150,C114,Oni Rajagopalan,Vijayawada,oni956@hotmail.com,F,"H.No. 715
Ranganathan, Vijayawada 504773"
152,C041,Mitali Sarma,Bhilai,mitali250@yahoo.com,Female,"H.No. 6
Comar Ganj, Bhilai 712748"
153,C187,Pavani Menon,Guntur,pavani537@gmail.com,Female,"80/96
Mannan Ganj, Guntur 522885"
155,C042,Sarthak Subramanian,Latur,sarthak225@yahoo.com,Male,"H.No. 713
Oak Marg, Latur 840449"
156,C107,Balhaar Guha,Nangloi Jat,balhaar96@yahoo.com,Male,"H.No. 117
Ranganathan Ganj, Nangloi Jat 385467"
157,C075,Vrinda Bassi,Bahraich,vrinda708@outlook.com,F,"H.No. 503
Pandey Nagar, Dindigul 852772"
158,C100,Brinda Choudhury,Motihari,brinda482@hotmail.com,Female,"83/86
Suresh Ganj, Motihari 187072"
159,C025,Sanaya Dua,Bahraich,sanaya229@gmail.com,Female,"H.No. 409
Bahri, Rajkot 967054"
160,C061,Mitesh Bath,Tenali,mitesh637@yahoo.com,Male,"122/86
Amble Zila, Tenali 762268"
161,C062,Zashil Pandya,Sikar,zashil477@hotmail.com,Male,"H.No. 172
Mann Marg, Sikar 160529"
162,C184,Jasmit Sha,Karaikudi,jasmit588@outlook.com,Female,"H.No. 428
Manne Path, Karaikudi 885102"
163,C111,Abeer Badal,Jorhat,abeer283@outlook.com,Male,"130/35
Vyas Ganj, Jorhat 454615"
165,C052,Qasim Kalla,Raiganj,qasim489@gmail.com,Male,"H.No. 306
Sha Zila, Raiganj 139005"
166,C066,Ansh Sengupta,Pondicherry,ansh356@outlook.com,Male,"H.No. 71
Baral Street, Pondicherry 377889"
167,C031,Ranveer Nayar,Shimla,ranveer442@gmail.com,Male,"H.No. 339
Anne Circle, Shimla 831367"
168,C074,Yasti Khurana,Bahraich,yasti530@yahoo.com,Female,"185/53
Bir Path, Jalna 888880"
169,C036,Niharika Bhasin,Dhule,niharika453@outlook.com,Female,"H.No. 524
Seshadri Marg, Dhule 974034"
170,C144,Oviya Agarwal,Aizawl,oviya100@yahoo.com,Female,"H.No. 139
Kata Nagar, Aizawl 865719"
171,C055,VASUDHA BALASUBRAMANIAN,Nangloi Jat,vasudha861@outlook.com,F,"H.No. 638
Date Zila, Nangloi Jat 499856"
172,C172,Sai Wagle,Haridwar,sai360@gmail.com,Female,"37/73
Buch Street, Haridwar 752500"
173,C162,Kai Nagarajan,Chandigarh,kai874@yahoo.com,Male,"59/53
Virk, Chandigarh 616229"
175,C132,Rushil Kamdar,Rajpur Sonarpur,rushil853@hotmail.com,Male,"H.No. 236
Bava Path, Rajpur Sonarpur 017012"
176,C191,Noah Shukla,Thane,noah975@outlook.com,M,"145/98
Nadkarni Zila, Thane 832818"
178,C124,JACK RAVEL,Bahraich,jack544@outlook.com,Male,"H.No. 812
Jha Ganj, Gaya 419182"
179,C117,Mugdha Sachdev,Guwahati,mugdha896@outlook.com,Female,"117/2
Tailor Road, Guwahati 212646"
181,C028,ANUSHA BALASUBRAMANIAN,Kollam,anusha595@hotmail.com,Female,"153/56
Pillay Road, Kollam 299124"
182,C126,Ekalinga Munshi,Mathura,ekalinga935@yahoo.com,Male,"164/33
Rajagopal, Mathura 627828"
183,C067,Rajata Pradhan,Munger,rajata870@outlook.com,F,"H.No. 109
Krishnan Road, Munger 925192"
184,C043,falguni sekhon,Hapur,falguni571@yahoo.com,Female,"H.No. 125
Roy Ganj, Hapur 057662"
185,C086,Nathaniel Khurana,Bhilai,nathaniel153@hotmail.com,M,"64/16
Dutta Ganj, Bhilai 595327"
186,C076,Bhavika Shankar,Durg,bhavika96@hotmail.com,Female,"178/32
Bansal Road, Durg 345054"
188,C070,Rajata Khanna,Phagwara,rajata873@yahoo.com,Female,"H.No. 89
Shenoy Chowk, Phagwara 468862"
189,C007,ZEHAAN ISSAC,Dindigul,zehaan635@gmail.com,Male,"150/73
Khatri Road, Dindigul 039117"
190,C040,Utkarsh Chakrabarti,Nizamabad,utkarsh425@yahoo.com,Male,"H.No. 394
Pathak Circle, Nizamabad 977034"
191,C064,Pushti Divan,Kota,pushti965@yahoo.com,F,"177/81
Sen, Kota 995527"
192,C106,Vincent Bhardwaj,Erode,vincent997@yahoo.com,Male,"H.No. 319
Chanda Path, Erode 830469"
193,C108,Nikita Lal,Anand,nikita664@yahoo.com,Female,"184/38
Kant, Anand 204899"
194,C069,Isaiah Devan,Solapur,isaiah631@outlook.com,Male,"188/76
Dube Marg, Solapur 229270"
196,C113,Jyoti Kakar,Gopalpur,jyoti458@outlook.com,Female,"142/98
Dhawan, Gopalpur 614293"
198,C142,Kritika Saha,Gopalpur,kritika664@gmail.com,Female,"H.No. 476
Biswas Marg, Gopalpur 744518"
199,C025,Sanaya Dua,Bahraich,sanaya229@gmail.com,Female,"H.No. 409
Bahri, Rajkot 967054"
200,C183,Chanchal Tara,Satna,chanchal407@gmail.com,F,"118/10
Modi Zila, Satna 883755"
201,C047,Bina Sathe,Dharmavaram,bina642@yahoo.com,F,"20/92
Parmer Marg, Dharmavaram 944064"
202,C015,REVA MANE,Bahraich,reva258@gmail.com,Female,"109/36
Chhabra Zila, Bahraich 824493"
203,C189,Amol Parmer,Kota,amol360@yahoo.com,Male,"38/33
Saha Marg, Kota 580043"
205,C085,Krisha Ravi,Malda,krisha842@gmail.com,Female,"19/74
Munshi Street, Malda 556258"
206,C037,Vasana Bobal,Bilaspur,vasana675@gmail.com,Female,"170/82
Gandhi Nagar, Bilaspur 499471"
207,C094,Oscar Sathe,Nangloi Jat,oscar62@yahoo.com,Male,"H.No. 610
Kibe Ganj, Nangloi Jat 083301"
208,C006,Reyansh Raj,Dehri,reyansh414@gmail.com,Male,"H.No. 584
Setty Street, Dehri 048281"
210,C123,owen soni,Bahraich,owen333@gmail.com,Male,"96/56
Varty Ganj, Bahraich 282586"
211,C060,Atharv Dugal,Tadipatri,atharv800@gmail.com,M,"H.No. 254
Vala Ganj, Tadipatri 156149"
212,C096,Anita Ranganathan,Gaya,anita513@outlook.com,Female,"154/6
Viswanathan Circle, Gaya 728743"
213,C083,Eiravati Sant,Amravati,eiravati654@outlook.com,Female,"4/74
Krishna Zila, Amravati 384249"
214,C087,Yahvi Morar,Lucknow,yahvi795@outlook.com,Female,"114/39
Talwar Road, Lucknow 974801"
215,C116,Radha Madan,Mira-Bhayandar,radha680@yahoo.com,Female,"10/17
Pandya Zila, Mira-Bhayandar 819956"
217,C161,netra brar,Visakhapatnam,netra612@hotmail.com,Female,"155/56
Hans Ganj, Visakhapatnam 206163"
