Order_ID,Customer_ID,Product_ID,Quantity,Order_Date,Order_Time,Delivery_Date,Delivery_Time,Location,Order_Type,Price (INR),Delivery_Duration_Min
183,C036,54,6,2023-04-29,08:57 AM,2023-04-29,09:50 AM,Dhule,Takeaway,179,53 min
143,C186,2,4,2023-05-11,11:17 PM,2023-05-11,12:00 AM,Begusarai,Takeaway,179,43 min
411,C191,31,3,2023-07-10,05:41 AM,2023-07-10,06:10 AM,Thane,Home Delivery,899,29 min
278,C175,49,1,2023-01-24,12:38 AM,2023-01-24,01:35 AM,Secunderabad,Drive-thru,349,57 min
889,C181,24,1,2023-10-25,05:27 PM,2023-10-25,05:49 PM,Rajkot,Dine-in,349,22 min
351,C055,59,2,2023-05-21,09:11 AM,2023-05-21,09:46 AM,Nangloi Jat,Drive-thru,129,35 min
719,C054,42,4,2023-10-02,12:38 AM,2023-10-02,01:31 AM,Akola,Dine-in,342,53 min
424,C008,25,1,2023-03-25,05:20 AM,2023-03-25,05:53 AM,Fatehpur,Takeaway,449,33 min
61,C093,33,2,2023-04-03,06:49 PM,2023-04-03,07:26 PM,Kamarhati,Takeaway,99,37 min
638,C159,21,4,2023-10-22,02:39 AM,2023-10-22,03:04 AM,Bhalswa Jahangir Pur,Drive-thru,449,25 min
939,C189,13,2,2023-01-19,07:00 PM,2023-01-19,07:25 PM,Kota,Dine-in,999,25 min
778,C078,29,2,2023-11-23,09:46 AM,2023-11-23,10:24 AM,Amroha,Takeaway,549,38 min
99,C153,31,3,2023-02-12,02:48 AM,2023-02-12,03:38 AM,Mau,Dine-in,899,50 min
642,C118,8,6,2023-09-23,03:36 PM,2023-09-23,04:30 PM,Chandrapur,Home Delivery,199,54 min
78,C124,30,2,2023-06-24,06:10 PM,2023-06-24,06:48 PM,Gaya,Home Delivery,615,38 min
776,C018,36,5,2023-02-03,05:00 PM,2023-02-03,05:17 PM,KOZHIKODE,Home Delivery,449,17 min
254,C126,19,2,2023-04-06,03:38 AM,2023-04-06,04:14 AM,Mathura,Drive-thru,649,36 min
75,C161,35,3,2023-11-25,03:45 PM,2023-11-25,04:01 PM,Visakhapatnam,Drive-thru,199,16 min
486,C181,56,6,2023-09-26,07:55 PM,2023-09-26,08:33 PM,Rajkot,Home Delivery,899,38 min
336,C200,50,5,2023-02-25,09:24 PM,2023-02-25,10:22 PM,Nangloi Jat,Dine-in,999,58 min
679,C064,11,6,2023-11-27,06:58 PM,2023-11-27,07:42 PM,Kota,Drive-thru,649,44 min
633,C056,58,5,2023-05-18,06:29 PM,2023-05-18,07:21 PM,Navi Mumbai,Takeaway,419,52 min
499,C184,29,1,2023-02-19,11:18 AM,2023-02-19,11:34 AM,Karaikudi,Dine-in,549,16 min
687,C024,10,1,2023-10-09,06:36 AM,2023-10-09,07:11 AM,Hospet,Home Delivery,499,35 min
478,C092,58,4,2023-11-15,09:52 PM,2023-11-15,10:39 PM,Ghaziabad,Dine-in,419,47 min
133,C176,33,6,2023-06-09,01:26 AM,2023-06-09,01:52 AM,Nashik,Home Delivery,99,26 min
472,C004,43,1,2023-02-26,05:05 AM,2023-02-26,05:41 AM,Nadiad,Takeaway,499,36 min
98,C085,44,1,2023-08-02,05:58 PM,2023-08-02,06:56 PM,Malda,Dine-in,179,58 min
313,C183,37,6,2023-02-09,07:24 AM,2023-02-09,08:03 AM,Satna,Drive-thru,499,39 min
35,C012,23,5,2023-06-23,06:55 AM,2023-06-23,07:36 AM,Malda,Drive-thru,699,41 min
276,C055,32,3,2023-06-15,07:03 AM,2023-06-15,07:59 AM,Nangloi Jat,Home Delivery,399,56 min
569,C166,39,1,2023-05-24,08:38 PM,2023-05-24,09:20 PM,Panipat,Takeaway,699,42 min
188,C129,53,6,2023-12-12,01:36 PM,2023-12-12,02:06 PM,Kota,Drive-thru,599,30 min
450,C196,50,1,2023-03-08,12:38 AM,2023-03-08,01:07 AM,Tenali,Drive-thru,999,29 min
772,C062,37,2,2023-07-08,08:04 PM,2023-07-08,09:02 PM,Sikar,Home Delivery,499,58 min
592,C185,47,6,2023-05-26,03:24 AM,2023-05-26,03:41 AM,Rohtak,Takeaway,129,17 min
181,C048,59,5,2023-11-25,05:55 AM,2023-11-25,06:46 AM,Berhampur,Dine-in,129,51 min
809,C038,55,1,2023-08-12,09:29 AM,2023-08-12,09:50 AM,Orai,Home Delivery,179,21 min
829,C138,58,3,2023-08-25,03:46 AM,2023-08-25,04:20 AM,Thane,Dine-in,419,35 min
174,C185,31,3,2023-04-15,09:55 PM,2023-04-15,10:18 PM,Rohtak,Home Delivery,899,23 min
655,C067,24,3,2023-10-14,05:52 AM,2023-10-14,06:45 AM,Munger,Home Delivery,349,53 min
674,C094,27,3,2023-03-21,01:54 PM,2023-03-21,02:26 PM,Nangloi Jat,Dine-in,149,32 min
115,C013,43,5,2023-04-26,12:51 PM,2023-04-26,01:09 PM,Gaya,Drive-thru,499,18 min
268,C035,49,4,2023-01-31,07:35 PM,2023-01-31,08:14 PM,SRINAGAR,Takeaway,349,39 min
600,C134,27,3,2023-01-23,01:28 AM,2023-01-23,01:56 AM,Guntakal,Takeaway,149,28 min
298,C029,16,4,2023-11-23,10:33 PM,2023-11-23,10:56 PM,Sikar,Dine-in,242,23 min
654,C122,54,6,2023-02-19,11:36 PM,2023-02-19,12:16 AM,MADHYAMGRAM,Home Delivery,179,40 min
60,C141,35,3,2023-06-03,12:56 AM,2023-06-03,01:12 AM,Kota,Takeaway,199,16 min
4,C168,45,6,2023-07-20,11:39 AM,2023-07-20,12:13 PM,Gandhinagar,Dine-in,449,34 min
226,C173,32,2,2023-11-21,02:04 PM,2023-11-21,02:46 PM,Gangtok,Takeaway,399,42 min
987,C005,31,6,2023-06-06,05:54 PM,2023-06-06,06:15 PM,Kishanganj,Drive-thru,899,21 min
922,C164,30,3,2023-07-08,05:54 PM,2023-07-08,06:52 PM,Agartala,Home Delivery,615,58 min
706,C144,19,5,2023-12-23,01:06 AM,2023-12-23,01:28 AM,Aizawl,Takeaway,649,22 min
661,C168,19,6,2023-05-17,06:29 AM,2023-05-17,07:18 AM,Gandhinagar,Home Delivery,649,49 min
407,C145,50,1,2023-05-27,05:50 AM,2023-05-27,06:18 AM,Aurangabad,Drive-thru,999,28 min
631,C064,19,1,2023-07-24,06:20 PM,2023-07-24,06:51 PM,Kota,Dine-in,649,31 min
819,C158,37,4,2023-09-24,12:10 PM,2023-09-24,01:00 PM,Patiala,Drive-thru,499,50 min
614,C154,28,1,2023-02-02,08:32 AM,2023-02-02,09:26 AM,Ratlam,Takeaway,229,54 min
554,C142,56,5,2023-03-14,04:01 PM,2023-03-14,04:19 PM,Gopalpur,Dine-in,899,18 min
785,C057,48,3,2023-04-14,02:59 PM,2023-04-14,03:15 PM,Tiruchirappalli,Dine-in,449,16 min
627,C097,37,4,2023-05-05,08:49 AM,2023-05-05,09:09 AM,Bardhaman,Drive-thru,499,20 min
245,C053,18,3,2023-02-02,08:06 AM,2023-02-02,09:02 AM,Begusarai,Takeaway,449,56 min
253,C048,32,6,2023-03-10,04:23 PM,2023-03-10,04:41 PM,Berhampur,Takeaway,399,18 min
273,C178,60,3,2023-08-21,05:02 AM,2023-08-21,05:45 AM,HUBLI–DHARWAD,Home Delivery,419,43 min
153,C158,50,1,2023-05-04,08:20 AM,2023-05-04,08:52 AM,Patiala,Dine-in,999,32 min
102,C005,29,3,2023-08-03,07:51 AM,2023-08-03,08:31 AM,Kishanganj,Drive-thru,549,40 min
463,C168,54,1,2023-01-25,10:46 AM,2023-01-25,11:44 AM,Gandhinagar,Drive-thru,179,58 min
780,C196,40,5,2023-05-17,12:38 AM,2023-05-17,01:26 AM,Tenali,Takeaway,449,48 min
828,C010,42,2,2023-09-04,02:06 PM,2023-09-04,02:30 PM,Jhansi,Drive-thru,342,24 min
372,C171,38,2,2023-07-13,08:08 PM,2023-07-13,08:58 PM,Raichur,Home Delivery,299,50 min
165,C063,17,2,2023-06-19,07:03 PM,2023-06-19,07:31 PM,Aligarh,Drive-thru,249,28 min
765,C048,13,5,2023-08-23,05:30 AM,2023-08-23,06:16 AM,Berhampur,Dine-in,999,45 min
324,C145,51,3,2023-11-15,03:45 PM,2023-11-15,04:14 PM,Aurangabad,Drive-thru,699,29 min
915,C174,45,3,2023-06-10,05:57 AM,2023-06-10,06:19 AM,Kamarhati,Dine-in,449,22 min
332,C130,9,6,2023-07-21,11:00 AM,2023-07-21,11:28 AM,Kavali,Dine-in,449,28 min
242,C119,15,4,2023-11-19,12:12 PM,2023-11-19,12:49 PM,Nangloi Jat,Takeaway,179,37 min
896,C178,60,5,2023-06-05,11:05 PM,2023-06-05,11:59 PM,Hubli–Dharwad,Dine-in,419,54 min
279,C005,8,2,2023-08-14,03:21 AM,2023-08-14,03:56 AM,Kishanganj,Dine-in,199,35 min
36,C179,31,6,2023-04-04,05:07 PM,2023-04-04,05:37 PM,Bhiwandi,Dine-in,899,30 min
524,C163,46,6,2023-11-28,12:38 AM,2023-11-28,01:37 AM,Jorhat,Takeaway,999,59 min
580,C027,46,5,2023-11-21,06:26 AM,2023-11-21,06:58 AM,Dhanbad,Home Delivery,999,32 min
167,C097,44,5,2023-05-11,05:37 PM,2023-05-11,06:15 PM,Bardhaman,Dine-in,179,38 min
468,C030,51,1,2023-09-12,08:43 AM,2023-09-12,09:23 AM,Mirzapur,Takeaway,699,40 min
503,C101,14,4,2023-04-08,07:20 PM,2023-04-08,07:59 PM,AIZAWL,Dine-in,299,39 min
826,C088,26,6,2023-10-19,11:34 PM,2023-10-19,12:32 AM,Sambhal,Takeaway,299,59 min
100,C150,31,2,2023-09-26,03:16 PM,2023-09-26,04:11 PM,Gurgaon,Takeaway,899,55 min
160,C143,32,1,2023-06-26,02:05 AM,2023-06-26,02:48 AM,Jalna,Home Delivery,399,43 min
196,C059,14,6,2023-10-18,10:24 PM,2023-10-18,10:53 PM,Asansol,Home Delivery,299,29 min
540,C076,58,6,2023-04-09,07:36 AM,2023-04-09,08:35 AM,Durg,Dine-in,419,59 min
104,C181,9,5,2023-04-17,10:18 PM,2023-04-17,10:33 PM,Rajkot,Drive-thru,449,15 min
562,C172,42,2,2023-02-21,12:38 AM,2023-02-21,01:17 AM,Haridwar,Dine-in,342,39 min
831,C054,37,6,2023-06-19,09:02 PM,2023-06-19,09:23 PM,Akola,Dine-in,499,21 min
793,C119,54,6,2023-08-20,12:38 AM,2023-08-20,01:01 AM,Nangloi Jat,Dine-in,179,23 min
697,C171,14,1,2023-01-05,11:27 AM,2023-01-05,12:05 PM,Raichur,Home Delivery,299,38 min
730,C197,36,6,2023-05-11,04:52 PM,2023-05-11,05:07 PM,Farrukhabad,Drive-thru,449,15 min
316,C190,33,1,2023-01-23,07:47 AM,2023-01-23,08:45 AM,Jammu,Takeaway,99,58 min
381,C148,42,6,2023-04-26,03:55 AM,2023-04-26,04:17 AM,Rewa,Drive-thru,342,22 min
145,C139,4,1,2023-08-30,03:02 AM,2023-08-30,03:40 AM,TIRUPATI,Home Delivery,249,38 min
258,C043,6,5,2023-01-16,07:09 PM,2023-01-16,07:34 PM,Hapur,Home Delivery,299,25 min
58,C035,55,4,2023-08-20,08:37 AM,2023-08-20,09:08 AM,Srinagar,Drive-thru,179,31 min
794,C047,50,5,2023-12-23,09:02 AM,2023-12-23,09:24 AM,Dharmavaram,Drive-thru,999,22 min
837,C096,51,1,2023-04-14,08:15 AM,2023-04-14,09:04 AM,Gaya,Drive-thru,699,49 min
494,C128,29,3,2023-02-03,10:34 AM,2023-02-03,11:23 AM,JALNA,Dine-in,549,49 min
923,C042,50,1,2023-05-22,01:51 AM,2023-05-22,02:38 AM,Latur,Drive-thru,999,47 min
224,C152,35,2,2023-12-16,09:05 AM,2023-12-16,09:24 AM,Tezpur,Drive-thru,199,19 min
737,C186,21,4,2023-03-30,09:35 PM,2023-03-30,10:31 PM,Begusarai,Dine-in,449,56 min
951,C055,49,1,2023-10-31,09:45 PM,2023-10-31,10:38 PM,Nangloi Jat,Home Delivery,349,53 min
397,C172,23,5,2023-07-31,04:07 AM,2023-07-31,05:02 AM,Haridwar,Dine-in,699,55 min
206,C022,50,5,2023-01-06,04:31 PM,2023-01-06,05:13 PM,Tiruchirappalli,Dine-in,999,42 min
48,C164,51,1,2023-02-08,11:11 AM,2023-02-08,11:32 AM,Agartala,Home Delivery,699,21 min
459,C043,59,4,2023-01-10,03:07 AM,2023-01-10,03:30 AM,Hapur,Takeaway,129,23 min
30,C062,37,4,2023-06-04,12:14 PM,2023-06-04,12:36 PM,Sikar,Home Delivery,499,22 min
57,C157,19,6,2023-09-09,12:33 AM,2023-09-09,12:59 AM,Gandhinagar,Dine-in,649,26 min
391,C052,7,1,2023-04-16,03:46 PM,2023-04-16,04:34 PM,Raiganj,Home Delivery,229,48 min
445,C136,20,4,2023-01-28,09:13 PM,2023-01-28,10:00 PM,Kolhapur,Takeaway,449,47 min
187,C005,34,6,2023-05-21,05:01 AM,2023-05-21,05:38 AM,Kishanganj,Dine-in,799,37 min
555,C002,37,5,2023-07-21,05:59 AM,2023-07-21,06:37 AM,Kozhikode,Home Delivery,499,38 min
963,C198,41,2,2023-04-17,03:48 AM,2023-04-17,04:39 AM,Navi Mumbai,Drive-thru,349,51 min
647,C180,49,3,2023-07-06,11:58 PM,2023-07-06,12:47 AM,Rourkela,Home Delivery,349,49 min
758,C140,34,3,2023-10-08,02:15 PM,2023-10-08,03:13 PM,Rourkela,Takeaway,799,58 min
613,C100,41,1,2023-02-16,11:10 PM,2023-02-16,12:04 AM,Motihari,Drive-thru,349,54 min
900,C158,18,3,2023-05-12,11:05 PM,2023-05-12,11:41 PM,Patiala,Dine-in,449,36 min
144,C149,5,1,2023-08-05,05:54 PM,2023-08-05,06:35 PM,ELURU,Dine-in,899,41 min
910,C074,60,4,2023-07-15,06:32 AM,2023-07-15,07:21 AM,Jalna,Dine-in,419,49 min
195,C112,42,3,2023-10-17,07:53 AM,2023-10-17,08:08 AM,DEWAS,Dine-in,342,15 min
303,C109,45,4,2023-12-02,06:55 AM,2023-12-02,07:44 AM,Ozhukarai,Home Delivery,449,49 min
696,C124,41,3,2023-04-12,06:20 PM,2023-04-12,07:11 PM,Gaya,Dine-in,349,51 min
201,C099,49,6,2023-03-13,08:48 AM,2023-03-13,09:16 AM,Srikakulam,Home Delivery,349,28 min
221,C123,21,2,2023-07-23,07:35 AM,2023-07-23,07:52 AM,Bahraich,Home Delivery,449,17 min
848,C139,23,5,2023-06-13,12:38 AM,2023-06-13,12:53 AM,Tirupati,Takeaway,699,15 min
501,C012,58,2,2023-09-10,06:15 AM,2023-09-10,06:34 AM,Malda,Drive-thru,419,19 min
371,C167,21,2,2023-12-29,11:17 AM,2023-12-29,11:57 AM,Kharagpur,Takeaway,449,40 min
247,C172,56,4,2023-09-28,08:45 AM,2023-09-28,09:13 AM,Haridwar,Drive-thru,899,28 min
154,C026,39,1,2023-08-17,10:47 AM,2023-08-17,11:40 AM,Morbi,Takeaway,699,53 min
139,C147,35,2,2023-03-26,09:27 AM,2023-03-26,10:08 AM,Raurkela Industrial Township,Drive-thru,199,41 min
551,C170,2,4,2023-03-22,04:22 PM,2023-03-22,04:44 PM,Ballia,Drive-thru,179,23 min
281,C071,6,6,2023-04-07,12:38 AM,2023-04-07,01:07 AM,Ongole,Dine-in,299,29 min
209,C114,24,3,2023-02-22,04:50 AM,2023-02-22,05:19 AM,Vijayawada,Dine-in,349,29 min
548,C165,47,5,2023-02-02,09:30 PM,2023-02-02,10:10 PM,Hazaribagh,Dine-in,129,40 min
505,C118,43,5,2023-09-16,07:15 PM,2023-09-16,08:11 PM,Chandrapur,Drive-thru,499,56 min
761,C014,30,6,2023-01-05,11:30 AM,2023-01-05,11:58 AM,Tenali,Drive-thru,615,27 min
907,C014,11,4,2023-07-24,09:35 AM,2023-07-24,10:21 AM,Tenali,Home Delivery,649,46 min
287,C178,9,4,2023-06-02,04:33 PM,2023-06-02,05:26 PM,Hubli–Dharwad,Drive-thru,449,53 min
518,C069,49,2,2023-05-27,11:54 AM,2023-05-27,12:40 PM,Solapur,Takeaway,349,46 min
615,C095,6,5,2023-01-20,01:30 PM,2023-01-20,01:48 PM,Durgapur,Drive-thru,299,18 min
357,C070,12,1,2023-06-13,01:35 AM,2023-06-13,02:19 AM,Phagwara,Dine-in,149,44 min
566,C183,48,6,2023-12-08,06:30 PM,2023-12-08,07:20 PM,Satna,Home Delivery,449,51 min
799,C135,46,4,2023-09-19,06:51 AM,2023-09-19,07:28 AM,Asansol,Drive-thru,999,37 min
624,C148,1,3,2023-03-31,06:02 AM,2023-03-31,06:55 AM,Rewa,Dine-in,349,53 min
574,C119,33,5,2023-02-16,12:22 PM,2023-02-16,01:21 PM,Nangloi Jat,Home Delivery,99,59 min
890,C037,47,6,2023-09-27,09:00 AM,2023-09-27,09:29 AM,BILASPUR,Drive-thru,129,29 min
871,C056,53,2,2023-10-25,07:52 PM,2023-10-25,08:49 PM,Navi Mumbai,Takeaway,599,57 min
182,C020,53,6,2023-01-25,07:10 AM,2023-01-25,07:53 AM,Saharsa,Drive-thru,599,43 min
16,C052,52,5,2023-03-12,12:43 AM,2023-03-12,01:33 AM,Raiganj,Dine-in,179,50 min
14,C080,52,4,2023-04-10,01:40 PM,2023-04-10,02:08 PM,Indore,Drive-thru,179,27 min
24,C115,40,1,2023-02-10,04:09 AM,2023-02-10,04:55 AM,Bhimavaram,Home Delivery,449,46 min
590,C162,33,1,2023-10-21,08:23 PM,2023-10-21,08:44 PM,Chandigarh,Dine-in,99,21 min
833,C147,39,4,2023-04-06,04:42 PM,2023-04-06,05:18 PM,Raurkela Industrial Township,Home Delivery,699,36 min
456,C017,53,1,2023-06-02,09:46 AM,2023-06-02,10:28 AM,Warangal,Drive-thru,599,42 min
469,C200,17,5,2023-04-14,06:05 AM,2023-04-14,06:21 AM,Firozabad,Drive-thru,249,16 min
584,C124,57,5,2023-01-04,12:51 AM,2023-01-04,01:47 AM,Gaya,Drive-thru,229,56 min
83,C064,56,2,2023-06-17,09:41 PM,2023-06-17,10:40 PM,Kota,Takeaway,899,59 min
420,C095,53,4,2023-09-16,07:52 AM,2023-09-16,08:12 AM,Durgapur,Dine-in,599,20 min
622,C141,19,6,2023-10-14,01:33 AM,2023-10-14,02:15 AM,Kota,Home Delivery,649,42 min
170,C049,48,1,2023-09-03,08:22 AM,2023-09-03,09:04 AM,Panvel,Takeaway,449,42 min
23,C036,3,3,2023-08-30,04:57 PM,2023-08-30,05:55 PM,Dhule,Drive-thru,599,58 min
986,C056,9,3,2023-06-01,09:45 AM,2023-06-01,10:43 AM,Navi Mumbai,Dine-in,449,58 min
317,C012,31,3,2023-07-16,03:25 AM,2023-07-16,03:59 AM,Malda,Takeaway,899,34 min
710,C117,1,6,2023-09-17,09:15 PM,2023-09-17,09:59 PM,Guwahati,Takeaway,349,44 min
215,C038,5,5,2023-08-11,08:00 PM,2023-08-11,08:25 PM,Orai,Drive-thru,899,25 min
17,C165,31,3,2023-10-11,12:38 AM,2023-10-11,01:20 AM,Hazaribagh,Dine-in,899,42 min
514,C182,42,2,2023-09-15,08:59 AM,2023-09-15,09:38 AM,Shimla,Dine-in,342,39 min
641,C139,3,5,2023-06-27,01:41 AM,2023-06-27,02:34 AM,Tirupati,Takeaway,599,53 min
346,C176,41,6,2023-02-13,07:33 AM,2023-02-13,08:20 AM,Nashik,Dine-in,349,47 min
262,C140,14,4,2023-02-22,01:42 AM,2023-02-22,01:57 AM,Rourkela,Home Delivery,299,15 min
873,C158,37,4,2023-04-11,03:31 PM,2023-04-11,04:12 PM,Patiala,Home Delivery,499,41 min
211,C007,6,3,2023-11-10,06:51 AM,2023-11-10,07:18 AM,Dindigul,Home Delivery,299,27 min
881,C093,54,4,2023-03-20,04:01 AM,2023-03-20,04:56 AM,Kamarhati,Takeaway,179,55 min
379,C113,47,4,2023-03-27,05:35 AM,2023-03-27,05:52 AM,Gopalpur,Drive-thru,129,17 min
31,C018,34,5,2023-09-17,01:17 PM,2023-09-17,02:10 PM,KOZHIKODE,Drive-thru,799,53 min
331,C180,58,3,2023-08-23,04:23 PM,2023-08-23,04:43 PM,Rourkela,Dine-in,419,20 min
806,C105,29,1,2023-11-04,06:38 PM,2023-11-04,07:00 PM,Purnia,Takeaway,549,22 min
214,C044,9,3,2023-06-04,08:09 AM,2023-06-04,08:50 AM,Nangloi Jat,Drive-thru,449,41 min
886,C099,23,2,2023-06-04,02:41 AM,2023-06-04,03:04 AM,Srikakulam,Dine-in,699,23 min
701,C024,44,5,2023-06-23,01:39 PM,2023-06-23,02:30 PM,Hospet,Dine-in,179,51 min
80,C195,24,5,2023-10-15,11:45 AM,2023-10-15,12:32 PM,Hospet,Home Delivery,349,47 min
417,C035,50,5,2023-10-19,04:20 AM,2023-10-19,05:16 AM,Srinagar,Takeaway,999,56 min
37,C184,50,4,2023-01-19,03:00 AM,2023-01-19,03:58 AM,Karaikudi,Takeaway,999,58 min
431,C002,33,6,2023-07-11,09:13 AM,2023-07-11,09:51 AM,Kozhikode,Home Delivery,99,38 min
537,C011,44,3,2023-07-15,11:17 AM,2023-07-15,11:46 AM,Surendranagar Dudhrej,Drive-thru,179,29 min
690,C019,35,4,2023-03-04,09:11 PM,2023-03-04,09:57 PM,Bhopal,Home Delivery,199,46 min
162,C048,49,5,2023-08-31,04:26 AM,2023-08-31,05:12 AM,Berhampur,Takeaway,349,46 min
155,C190,3,4,2023-08-13,12:16 AM,2023-08-13,12:54 AM,Jammu,Takeaway,599,38 min
498,C144,50,5,2023-11-04,10:00 PM,2023-11-04,10:55 PM,Aizawl,Home Delivery,999,55 min
177,C040,13,3,2023-04-28,07:42 AM,2023-04-28,08:08 AM,Nangloi Jat,Takeaway,999,26 min
529,C182,60,2,2023-01-21,11:56 PM,2023-01-21,12:49 AM,Shimla,Home Delivery,419,53 min
789,C134,7,4,2023-08-22,08:25 AM,2023-08-22,08:41 AM,Guntakal,Takeaway,229,16 min
726,C043,51,4,2023-10-09,10:03 AM,2023-10-09,10:20 AM,Hapur,Home Delivery,699,17 min
767,C101,48,2,2023-01-10,08:36 PM,2023-01-10,09:27 PM,Aizawl,Home Delivery,449,51 min
402,C052,53,6,2023-03-17,12:02 AM,2023-03-17,12:33 AM,Raiganj,Home Delivery,599,31 min
916,C018,1,4,2023-02-20,08:33 PM,2023-02-20,08:49 PM,Kozhikode,Drive-thru,349,16 min
660,C021,11,3,2023-04-27,07:50 AM,2023-04-27,08:06 AM,Tadepalligudem,Drive-thru,649,16 min
609,C095,36,5,2023-05-09,10:12 PM,2023-05-09,10:54 PM,Durgapur,Home Delivery,449,42 min
786,C046,60,4,2023-12-11,11:35 AM,2023-12-11,12:12 PM,Tirunelveli,Home Delivery,419,37 min
86,C062,14,5,2023-06-30,04:06 AM,2023-06-30,04:57 AM,Sikar,Dine-in,299,51 min
591,C043,17,2,2023-09-22,02:26 PM,2023-09-22,03:12 PM,Hapur,Dine-in,249,46 min
79,C184,21,6,2023-06-26,09:01 AM,2023-06-26,09:48 AM,Karaikudi,Takeaway,449,47 min
714,C083,27,6,2023-06-14,03:00 PM,2023-06-14,03:15 PM,Amravati,Dine-in,149,15 min
960,C184,32,5,2023-02-15,08:13 PM,2023-02-15,08:46 PM,Karaikudi,Home Delivery,399,33 min
670,C084,56,4,2023-08-28,10:54 AM,2023-08-28,11:10 AM,Tirunelveli,Drive-thru,899,16 min
787,C118,57,2,2023-08-07,04:07 AM,2023-08-07,05:05 AM,Chandrapur,Dine-in,229,58 min
559,C172,52,5,2023-01-28,12:43 PM,2023-01-28,01:23 PM,Haridwar,Dine-in,179,40 min
942,C010,22,1,2023-06-22,05:25 PM,2023-06-22,06:11 PM,Jhansi,Drive-thru,249,46 min
864,C159,16,5,2023-03-23,03:46 AM,2023-03-23,04:06 AM,Bhalswa Jahangir Pur,Drive-thru,242,20 min
341,C038,6,6,2023-08-05,10:29 PM,2023-08-05,11:15 PM,Orai,Drive-thru,299,46 min
327,C163,54,6,2023-05-01,07:28 PM,2023-05-01,07:46 PM,Jorhat,Dine-in,179,18 min
322,C120,56,3,2023-06-09,02:21 AM,2023-06-09,02:46 AM,Bahraich,Dine-in,899,25 min
465,C180,10,2,2023-12-22,08:08 PM,2023-12-22,08:39 PM,Rourkela,Home Delivery,499,31 min
682,C049,55,1,2023-04-04,09:33 AM,2023-04-04,10:25 AM,Panvel,Home Delivery,179,52 min
85,C079,32,1,2023-02-16,09:15 AM,2023-02-16,09:53 AM,Jabalpur,Drive-thru,399,38 min
123,C117,42,5,2023-09-26,09:45 PM,2023-09-26,10:04 PM,Guwahati,Takeaway,342,19 min
919,C154,41,1,2023-12-29,06:30 PM,2023-12-29,07:18 PM,Ratlam,Dine-in,349,48 min
930,C171,25,3,2023-03-19,04:57 PM,2023-03-19,05:17 PM,Raichur,Drive-thru,449,20 min
490,C165,60,2,2023-09-16,03:07 PM,2023-09-16,03:43 PM,Hazaribagh,Drive-thru,419,36 min
93,C194,10,2,2023-05-11,04:21 PM,2023-05-11,04:46 PM,Kakinada,Dine-in,499,25 min
290,C136,37,1,2023-09-11,11:03 PM,2023-09-11,11:33 PM,Kolhapur,Drive-thru,499,30 min
421,C175,2,2,2023-10-07,07:54 PM,2023-10-07,08:41 PM,Secunderabad,Drive-thru,179,47 min
625,C144,5,5,2023-05-31,08:59 PM,2023-05-31,09:22 PM,AIZAWL,Dine-in,899,23 min
563,C050,21,4,2023-08-19,08:20 PM,2023-08-19,08:40 PM,Malda,Home Delivery,449,20 min
425,C166,15,6,2023-04-16,09:42 AM,2023-04-16,10:12 AM,Panipat,Drive-thru,179,30 min
429,C097,55,3,2023-08-24,02:46 AM,2023-08-24,03:29 AM,Bardhaman,Takeaway,179,43 min
771,C187,25,5,2023-12-14,02:28 AM,2023-12-14,02:46 AM,Guntur,Drive-thru,449,17 min
731,C115,26,1,2023-01-18,11:20 PM,2023-01-18,11:54 PM,Bhimavaram,Dine-in,299,34 min
593,C115,39,4,2023-09-04,02:57 AM,2023-09-04,03:47 AM,BHIMAVARAM,Takeaway,699,50 min
805,C061,14,5,2023-04-12,10:38 PM,2023-04-12,11:11 PM,Tenali,Drive-thru,299,33 min
272,C116,5,6,2023-02-17,04:51 AM,2023-02-17,05:31 AM,Mira-Bhayandar,Home Delivery,899,40 min
112,C183,6,3,2023-08-15,04:58 PM,2023-08-15,05:14 PM,Satna,Drive-thru,299,17 min
888,C140,37,3,2023-01-18,04:01 PM,2023-01-18,04:34 PM,Rourkela,Drive-thru,499,33 min
374,C047,39,3,2023-11-10,04:42 PM,2023-11-10,05:16 PM,Dharmavaram,Dine-in,699,34 min
564,C178,38,2,2023-10-17,09:25 PM,2023-10-17,10:11 PM,Hubli–Dharwad,Home Delivery,299,46 min
587,C107,52,3,2023-02-28,06:37 AM,2023-02-28,06:58 AM,Nangloi Jat,Drive-thru,179,21 min
300,C094,35,6,2023-03-30,07:48 AM,2023-03-30,08:43 AM,Nangloi Jat,Dine-in,199,55 min
945,C126,42,1,2023-08-30,10:42 AM,2023-08-30,11:30 AM,Mathura,Takeaway,342,47 min
504,C194,27,4,2023-11-21,05:47 PM,2023-11-21,06:41 PM,Kakinada,Drive-thru,149,54 min
203,C155,50,5,2023-01-11,01:08 PM,2023-01-11,02:01 PM,Ajmer,Home Delivery,999,53 min
267,C181,19,4,2023-10-21,09:33 PM,2023-10-21,10:05 PM,Rajkot,Dine-in,649,32 min
649,C185,18,2,2023-10-12,06:36 PM,2023-10-12,07:30 PM,Rohtak,Drive-thru,449,54 min
326,C002,60,4,2023-01-13,06:02 AM,2023-01-13,06:17 AM,Kozhikode,Home Delivery,419,15 min
390,C093,1,4,2023-02-14,10:53 AM,2023-02-14,11:18 AM,Nangloi Jat,Drive-thru,349,25 min
8,C055,22,4,2023-04-09,07:09 AM,2023-04-09,07:51 AM,Nangloi Jat,Takeaway,249,42 min
441,C168,6,2,2023-07-01,02:21 PM,2023-07-01,03:00 PM,Gandhinagar,Home Delivery,299,39 min
122,C077,37,5,2023-02-24,01:54 PM,2023-02-24,02:31 PM,Gandhidham,Home Delivery,499,37 min
651,C046,27,4,2023-03-10,07:52 AM,2023-03-10,08:37 AM,Tirunelveli,Drive-thru,149,45 min
344,C119,7,2,2023-03-04,06:40 AM,2023-03-04,07:24 AM,Nangloi Jat,Dine-in,229,44 min
739,C200,4,3,2023-06-28,04:57 AM,2023-06-28,05:53 AM,Firozabad,Drive-thru,249,56 min
238,C122,7,4,2023-12-23,03:59 AM,2023-12-23,04:48 AM,Madhyamgram,Home Delivery,229,49 min
173,C067,24,5,2023-09-12,12:38 AM,2023-09-12,12:59 AM,Munger,Dine-in,349,21 min
602,C035,17,4,2023-04-30,04:58 PM,2023-04-30,05:28 PM,Srinagar,Home Delivery,249,30 min
897,C162,31,5,2023-03-28,03:54 AM,2023-03-28,04:34 AM,Chandigarh,Home Delivery,899,40 min
103,C177,14,4,2023-09-14,11:20 AM,2023-09-14,11:36 AM,Ichalkaranji,Dine-in,299,16 min
69,C182,15,3,2023-09-23,06:46 AM,2023-09-23,07:01 AM,Shimla,Dine-in,179,15 min
988,C147,48,3,2023-01-13,06:09 AM,2023-01-13,06:35 AM,Raurkela Industrial Township,Drive-thru,449,26 min
623,C071,15,5,2023-04-10,07:00 AM,2023-04-10,07:19 AM,Ongole,Drive-thru,179,19 min
274,C149,1,6,2023-02-17,11:03 PM,2023-02-17,11:54 PM,Eluru,Home Delivery,349,51 min
918,C009,2,5,2023-02-17,10:29 AM,2023-02-17,11:15 AM,Giridih,Takeaway,179,46 min
277,C141,37,2,2023-10-17,08:04 PM,2023-10-17,08:26 PM,Kota,Home Delivery,499,23 min
251,C030,12,3,2023-12-22,03:17 AM,2023-12-22,04:12 AM,Mirzapur,Drive-thru,149,55 min
333,C112,43,2,2023-05-02,06:42 PM,2023-05-02,07:31 PM,Dewas,Drive-thru,499,49 min
94,C012,3,2,2023-06-20,12:33 PM,2023-06-20,01:06 PM,Malda,Drive-thru,599,33 min
695,C191,60,5,2023-09-24,12:38 AM,2023-09-24,01:08 AM,Thane,Home Delivery,419,30 min
835,C106,6,4,2023-05-02,10:12 PM,2023-05-02,10:29 PM,Erode,Drive-thru,299,17 min
595,C043,47,6,2023-06-25,12:29 PM,2023-06-25,01:03 PM,Hapur,Dine-in,129,34 min
368,C151,46,2,2023-02-26,08:19 AM,2023-02-26,08:57 AM,Chittoor,Dine-in,999,38 min
423,C042,54,3,2023-12-19,08:21 AM,2023-12-19,09:08 AM,Nangloi Jat,Home Delivery,179,47 min
803,C031,58,3,2023-04-14,07:07 PM,2023-04-14,07:45 PM,Shimla,Home Delivery,419,38 min
766,C064,60,5,2023-06-06,07:53 AM,2023-06-06,08:18 AM,Kota,Drive-thru,419,25 min
936,C166,13,2,2023-10-11,04:18 AM,2023-10-11,04:40 AM,Panipat,Drive-thru,999,22 min
965,C046,11,6,2023-01-23,02:31 PM,2023-01-23,03:21 PM,Tirunelveli,Home Delivery,649,50 min
716,C009,13,1,2023-09-06,02:00 AM,2023-09-06,02:52 AM,Giridih,Dine-in,999,52 min
296,C169,57,3,2023-04-16,03:56 PM,2023-04-16,04:50 PM,Naihati,Drive-thru,229,54 min
954,C149,3,2,2023-02-21,05:11 PM,2023-02-21,05:45 PM,Eluru,Takeaway,599,34 min
862,C183,51,1,2023-06-16,12:01 PM,2023-06-16,12:50 PM,Satna,Home Delivery,699,49 min
491,C043,5,4,2023-06-14,02:38 PM,2023-06-14,03:17 PM,Hapur,Home Delivery,899,39 min
535,C056,49,5,2023-09-29,10:09 PM,2023-09-29,10:58 PM,Navi Mumbai,Dine-in,349,49 min
5,C080,36,3,2023-11-26,04:18 AM,2023-11-26,04:57 AM,Indore,Takeaway,449,39 min
95,C039,39,5,2023-03-13,05:38 PM,2023-03-13,06:21 PM,Alwar,Home Delivery,699,43 min
777,C038,47,1,2023-06-13,02:51 AM,2023-06-13,03:23 AM,Orai,Drive-thru,129,32 min
610,C148,23,6,2023-07-23,11:25 PM,2023-07-23,12:25 AM,Rewa,Dine-in,699,60 min
129,C123,21,2,2023-01-04,03:30 AM,2023-01-04,04:02 AM,Bahraich,Drive-thru,449,32 min
702,C092,42,3,2023-12-26,10:55 PM,2023-12-26,11:11 PM,Ghaziabad,Takeaway,342,16 min
49,C132,52,6,2023-12-14,12:38 AM,2023-12-14,01:27 AM,Rajpur Sonarpur,Dine-in,179,49 min
356,C123,35,4,2023-06-26,07:03 PM,2023-06-26,07:33 PM,Bahraich,Drive-thru,199,30 min
270,C064,49,6,2023-07-21,05:38 AM,2023-07-21,06:33 AM,Kota,Takeaway,349,55 min
937,C170,13,3,2023-12-23,12:58 PM,2023-12-23,01:48 PM,Ballia,Dine-in,999,50 min
132,C171,8,4,2023-07-06,10:30 AM,2023-07-06,11:17 AM,Raichur,Drive-thru,199,47 min
861,C155,37,2,2023-09-18,04:58 PM,2023-09-18,05:16 PM,Ajmer,Drive-thru,499,18 min
496,C155,40,6,2023-05-06,11:48 AM,2023-05-06,12:36 PM,Ajmer,Drive-thru,449,47 min
594,C106,39,4,2023-10-26,12:29 PM,2023-10-26,12:57 PM,Erode,Home Delivery,699,28 min
950,C031,44,5,2023-10-07,07:09 PM,2023-10-07,07:44 PM,Shimla,Home Delivery,179,35 min
323,C142,30,1,2023-07-08,06:08 PM,2023-07-08,06:42 PM,Gopalpur,Home Delivery,615,34 min
575,C129,1,6,2023-05-03,06:30 PM,2023-05-03,06:52 PM,Nangloi Jat,Takeaway,349,22 min
746,C022,26,5,2023-11-08,02:06 AM,2023-11-08,02:27 AM,Tiruchirappalli,Takeaway,299,21 min
822,C158,27,4,2023-01-24,08:03 PM,2023-01-24,08:20 PM,Patiala,Home Delivery,149,17 min
839,C088,60,4,2023-09-26,10:58 PM,2023-09-26,11:30 PM,Sambhal,Home Delivery,419,31 min
401,C050,9,1,2023-08-05,01:12 AM,2023-08-05,01:59 AM,Malda,Drive-thru,449,47 min
832,C039,18,1,2023-06-23,09:31 PM,2023-06-23,09:57 PM,Alwar,Takeaway,449,26 min
816,C028,37,6,2023-11-19,09:34 AM,2023-11-19,10:10 AM,Kollam,Drive-thru,499,36 min
944,C190,38,2,2023-06-02,04:00 AM,2023-06-02,04:36 AM,Jammu,Takeaway,299,36 min
658,C021,25,5,2023-05-27,12:38 AM,2023-05-27,01:38 AM,Tadepalligudem,Takeaway,449,60 min
875,C023,38,4,2023-11-10,03:05 PM,2023-11-10,03:49 PM,KHANDWA,Takeaway,299,44 min
853,C181,39,5,2023-11-19,06:21 AM,2023-11-19,07:13 AM,Rajkot,Home Delivery,699,52 min
467,C108,54,1,2023-09-19,01:55 PM,2023-09-19,02:47 PM,Anand,Home Delivery,179,52 min
729,C186,21,5,2023-05-04,04:11 PM,2023-05-04,05:10 PM,Begusarai,Drive-thru,449,59 min
67,C197,9,4,2023-09-15,04:45 PM,2023-09-15,05:07 PM,Farrukhabad,Dine-in,449,22 min
150,C077,30,6,2023-10-06,04:18 AM,2023-10-06,04:59 AM,Gandhidham,Drive-thru,615,41 min
663,C043,12,1,2023-03-06,07:04 PM,2023-03-06,07:45 PM,Hapur,Home Delivery,149,41 min
742,C084,33,6,2023-04-24,02:00 PM,2023-04-24,02:48 PM,Tirunelveli,Dine-in,99,48 min
82,C037,7,1,2023-05-29,12:41 AM,2023-05-29,01:16 AM,Bilaspur,Drive-thru,229,35 min
76,C063,52,6,2023-07-27,01:38 AM,2023-07-27,02:22 AM,Aligarh,Drive-thru,179,44 min
671,C035,45,5,2023-01-04,07:25 AM,2023-01-04,08:12 AM,Srinagar,Drive-thru,449,47 min
186,C005,1,5,2023-10-10,08:43 AM,2023-10-10,09:25 AM,Kishanganj,Dine-in,349,42 min
492,C072,4,5,2023-04-25,05:43 AM,2023-04-25,06:30 AM,Noida,Drive-thru,249,47 min
38,C012,51,2,2023-01-22,12:38 PM,2023-01-22,12:57 PM,Malda,Home Delivery,699,19 min
854,C080,22,2,2023-12-10,09:25 PM,2023-12-10,09:58 PM,Indore,Drive-thru,249,33 min
846,C172,8,3,2023-03-18,03:16 AM,2023-03-18,03:34 AM,Haridwar,Home Delivery,199,18 min
117,C002,36,2,2023-07-28,09:54 PM,2023-07-28,10:43 PM,Kozhikode,Drive-thru,449,49 min
707,C146,12,5,2023-06-28,11:18 AM,2023-06-28,11:49 AM,Hospet,Drive-thru,149,31 min
976,C009,45,3,2023-01-31,06:18 AM,2023-01-31,07:16 AM,Giridih,Takeaway,449,58 min
27,C062,27,6,2023-11-15,11:34 PM,2023-11-15,12:16 AM,Sikar,Dine-in,149,42 min
192,C179,15,3,2023-12-17,08:16 AM,2023-12-17,09:00 AM,Bhiwandi,Dine-in,179,44 min
636,C200,7,1,2023-02-10,08:33 AM,2023-02-10,09:16 AM,Firozabad,Dine-in,229,43 min
924,C100,22,1,2023-05-13,12:46 AM,2023-05-13,01:46 AM,Motihari,Takeaway,249,60 min
628,C175,30,5,2023-01-15,06:35 PM,2023-01-15,06:55 PM,Secunderabad,Dine-in,615,20 min
138,C020,59,5,2023-02-27,10:56 AM,2023-02-27,11:45 AM,Saharsa,Takeaway,129,49 min
659,C043,41,3,2023-04-08,09:38 PM,2023-04-08,10:33 PM,Hapur,Dine-in,349,55 min
720,C093,36,6,2023-08-01,10:34 AM,2023-08-01,11:25 AM,Kamarhati,Dine-in,449,51 min
688,C108,20,4,2023-07-10,10:25 PM,2023-07-10,11:03 PM,Anand,Dine-in,449,38 min
202,C014,7,4,2023-04-29,04:58 PM,2023-04-29,05:41 PM,Tenali,Home Delivery,229,43 min
471,C177,60,4,2023-06-19,06:26 PM,2023-06-19,07:26 PM,Ichalkaranji,Dine-in,419,60 min
769,C161,17,4,2023-01-16,01:49 PM,2023-01-16,02:34 PM,Visakhapatnam,Takeaway,249,45 min
208,C082,24,1,2023-02-16,12:38 AM,2023-02-16,01:27 AM,Amritsar,Home Delivery,349,49 min
578,C068,24,2,2023-01-22,12:23 AM,2023-01-22,01:10 AM,Hindupur,Home Delivery,349,47 min
54,C102,21,3,2023-05-23,11:32 AM,2023-05-23,12:08 PM,Sultan Pur Majra,Dine-in,449,35 min
549,C092,60,5,2023-02-24,10:43 PM,2023-02-24,11:29 PM,Ghaziabad,Home Delivery,419,46 min
935,C137,55,3,2023-02-11,08:45 PM,2023-02-11,09:22 PM,Gorakhpur,Home Delivery,179,37 min
751,C083,23,5,2023-02-12,01:47 PM,2023-02-12,02:34 PM,Amravati,Home Delivery,699,47 min
380,C097,23,5,2023-07-12,10:05 AM,2023-07-12,10:22 AM,Bardhaman,Drive-thru,699,17 min
770,C039,22,4,2023-03-12,05:54 PM,2023-03-12,06:26 PM,Alwar,Dine-in,249,32 min
572,C010,36,3,2023-06-10,12:50 PM,2023-06-10,01:29 PM,Jhansi,Takeaway,449,39 min
358,C200,18,1,2023-08-30,08:17 AM,2023-08-30,09:13 AM,Firozabad,Takeaway,449,56 min
318,C010,36,6,2023-12-02,05:24 AM,2023-12-02,06:08 AM,Jhansi,Takeaway,449,45 min
589,C063,3,2,2023-10-21,05:38 AM,2023-10-21,05:55 AM,Aligarh,Takeaway,599,17 min
531,C147,36,3,2023-07-02,12:38 AM,2023-07-02,01:32 AM,Raurkela Industrial Township,Takeaway,449,54 min
84,C196,11,4,2023-09-21,02:11 PM,2023-09-21,03:11 PM,Tenali,Drive-thru,649,60 min
179,C196,53,3,2023-11-25,03:57 AM,2023-11-25,04:35 AM,Tenali,Drive-thru,599,38 min
137,C175,49,5,2023-02-11,08:51 AM,2023-02-11,09:37 AM,Secunderabad,Home Delivery,349,46 min
50,C037,55,5,2023-12-14,05:15 PM,2023-12-14,05:51 PM,Bilaspur,Dine-in,179,36 min
902,C045,17,6,2023-05-01,07:41 PM,2023-05-01,08:18 PM,Noida,Takeaway,249,37 min
53,C095,24,4,2023-02-09,10:34 AM,2023-02-09,10:50 AM,Durgapur,Home Delivery,349,16 min
506,C002,34,6,2023-01-25,08:53 PM,2023-01-25,09:34 PM,Kozhikode,Drive-thru,799,41 min
434,C039,34,2,2023-01-30,05:38 PM,2023-01-30,06:34 PM,Alwar,Home Delivery,799,56 min
21,C099,6,3,2023-04-25,01:53 PM,2023-04-25,02:09 PM,Srikakulam,Home Delivery,299,16 min
781,C060,44,1,2023-07-03,12:42 AM,2023-07-03,01:22 AM,Tadipatri,Drive-thru,179,40 min
763,C005,19,6,2023-07-17,05:16 PM,2023-07-17,05:46 PM,Kishanganj,Drive-thru,649,31 min
956,C046,60,1,2023-12-28,09:16 AM,2023-12-28,10:10 AM,Tirunelveli,Drive-thru,419,54 min
652,C077,17,5,2023-10-18,01:20 AM,2023-10-18,02:07 AM,Gandhidham,Drive-thru,249,47 min
745,C022,31,5,2023-01-26,11:14 PM,2023-01-26,11:37 PM,Tiruchirappalli,Home Delivery,899,23 min
857,C060,15,2,2023-11-12,03:56 AM,2023-11-12,04:53 AM,Tadipatri,Home Delivery,179,57 min
349,C013,11,5,2023-08-10,09:52 PM,2023-08-10,10:45 PM,Gaya,Drive-thru,649,53 min
547,C081,2,4,2023-11-12,10:30 AM,2023-11-12,11:13 AM,Sri Ganganagar,Dine-in,179,43 min
377,C003,17,2,2023-08-05,04:02 AM,2023-08-05,04:58 AM,Gangtok,Home Delivery,249,56 min
361,C091,60,2,2023-04-01,02:37 AM,2023-04-01,03:17 AM,Faridabad,Home Delivery,419,40 min
163,C077,55,6,2023-03-15,02:57 PM,2023-03-15,03:46 PM,Gandhidham,Dine-in,179,49 min
384,C042,47,1,2023-08-10,09:23 PM,2023-08-10,10:02 PM,Latur,Home Delivery,129,39 min
905,C061,43,4,2023-11-23,05:52 AM,2023-11-23,06:30 AM,Tenali,Takeaway,499,38 min
994,C029,25,3,2023-08-27,10:00 AM,2023-08-27,10:27 AM,Sikar,Drive-thru,449,27 min
804,C004,30,4,2023-09-13,09:08 AM,2023-09-13,09:29 AM,Nadiad,Drive-thru,615,21 min
603,C154,57,5,2023-07-29,09:41 AM,2023-07-29,10:31 AM,Ratlam,Takeaway,229,50 min
219,C159,25,3,2023-08-14,04:35 PM,2023-08-14,05:34 PM,Bhalswa Jahangir Pur,Drive-thru,449,59 min
859,C117,32,1,2023-02-03,08:25 AM,2023-02-03,08:59 AM,Guwahati,Dine-in,399,34 min
509,C108,39,6,2023-05-08,12:43 PM,2023-05-08,12:58 PM,Anand,Drive-thru,699,15 min
827,C050,22,3,2023-12-11,12:38 AM,2023-12-11,01:00 AM,Malda,Drive-thru,249,22 min
838,C130,2,4,2023-09-14,05:49 PM,2023-09-14,06:49 PM,Kavali,Takeaway,179,60 min
106,C140,23,4,2023-12-15,09:21 AM,2023-12-15,09:51 AM,Rourkela,Drive-thru,699,30 min
571,C130,41,1,2023-10-25,11:14 PM,2023-10-25,11:42 PM,Kavali,Takeaway,349,28 min
744,C111,19,4,2023-03-17,11:01 AM,2023-03-17,11:27 AM,Jorhat,Home Delivery,649,26 min
28,C029,54,4,2023-02-11,07:23 AM,2023-02-11,08:00 AM,Sikar,Takeaway,179,37 min
962,C136,7,5,2023-07-05,07:04 AM,2023-07-05,07:33 AM,Kolhapur,Drive-thru,229,29 min
204,C008,41,3,2023-08-19,10:20 AM,2023-08-19,11:02 AM,Fatehpur,Takeaway,349,42 min
43,C128,45,4,2023-07-08,07:00 PM,2023-07-08,07:48 PM,Jalna,Dine-in,449,48 min
121,C048,60,6,2023-05-29,12:36 PM,2023-05-29,12:52 PM,Berhampur,Dine-in,419,16 min
45,C083,7,3,2023-06-17,08:21 PM,2023-06-17,09:07 PM,Amravati,Home Delivery,229,46 min
51,C033,5,2,2023-11-27,10:23 AM,2023-11-27,11:00 AM,NELLORE,Drive-thru,899,37 min
847,C030,1,5,2023-10-14,01:10 AM,2023-10-14,01:46 AM,Nangloi Jat,Takeaway,349,36 min
335,C116,18,2,2023-02-08,05:59 PM,2023-02-08,06:38 PM,Mira-Bhayandar,Takeaway,449,39 min
969,C185,29,5,2023-10-24,12:37 PM,2023-10-24,01:13 PM,Rohtak,Drive-thru,549,36 min
812,C192,38,3,2023-01-19,10:19 AM,2023-01-19,10:55 AM,Tiruchirappalli,Home Delivery,299,36 min
159,C077,18,1,2023-10-13,10:01 AM,2023-10-13,10:57 AM,Gandhidham,Drive-thru,449,56 min
293,C036,49,1,2023-10-29,10:52 PM,2023-10-29,11:12 PM,Dhule,Home Delivery,349,20 min
373,C033,12,6,2023-01-01,03:02 PM,2023-01-01,03:32 PM,Nellore,Dine-in,149,29 min
869,C046,20,4,2023-02-05,08:11 AM,2023-02-05,09:08 AM,Tirunelveli,Drive-thru,449,57 min
365,C015,15,5,2023-04-23,04:02 AM,2023-04-23,04:54 AM,Bahraich,Drive-thru,179,51 min
634,C128,48,2,2023-05-01,07:24 AM,2023-05-01,08:10 AM,Jalna,Home Delivery,449,47 min
818,C156,55,3,2023-05-13,06:33 AM,2023-05-13,06:55 AM,Rourkela,Takeaway,179,22 min
762,C170,18,6,2023-04-12,12:38 AM,2023-04-12,01:36 AM,Ballia,Dine-in,449,58 min
824,C177,19,3,2023-02-04,12:23 PM,2023-02-04,01:21 PM,Ichalkaranji,Home Delivery,649,58 min
667,C068,40,2,2023-02-13,10:58 PM,2023-02-13,11:16 PM,Hindupur,Home Delivery,449,19 min
872,C170,10,4,2023-09-30,10:08 AM,2023-09-30,11:00 AM,Ballia,Drive-thru,499,53 min
383,C067,7,1,2023-06-25,08:49 AM,2023-06-25,09:07 AM,Munger,Drive-thru,229,18 min
968,C008,32,5,2023-03-01,01:10 AM,2023-03-01,01:30 AM,Fatehpur,Takeaway,399,20 min
485,C012,5,3,2023-12-02,07:08 PM,2023-12-02,08:07 PM,Malda,Dine-in,899,59 min
212,C099,1,3,2023-07-31,02:39 PM,2023-07-31,03:25 PM,Srikakulam,Dine-in,349,46 min
261,C069,50,3,2023-07-07,04:25 PM,2023-07-07,05:09 PM,Solapur,Drive-thru,999,44 min
536,C030,43,3,2023-08-17,02:48 AM,2023-08-17,03:36 AM,Mirzapur,Takeaway,499,49 min
865,C017,22,2,2023-12-22,03:07 PM,2023-12-22,04:01 PM,Warangal,Drive-thru,249,54 min
882,C035,1,1,2023-11-28,06:19 PM,2023-11-28,06:49 PM,Srinagar,Takeaway,349,30 min
866,C146,51,3,2023-10-06,12:38 AM,2023-10-06,01:05 AM,Hospet,Takeaway,699,27 min
282,C096,43,6,2023-03-26,11:47 AM,2023-03-26,12:43 PM,Gaya,Drive-thru,499,56 min
1000,C129,34,1,2023-08-29,06:22 PM,2023-08-29,07:06 PM,Kota,Drive-thru,799,44 min
791,C049,19,4,2023-07-23,11:47 PM,2023-07-23,12:20 AM,Panvel,Home Delivery,649,33 min
63,C120,52,5,2023-03-08,02:39 AM,2023-03-08,03:10 AM,Bahraich,Dine-in,179,31 min
752,C044,23,5,2023-08-15,04:41 AM,2023-08-15,05:14 AM,Nangloi Jat,Drive-thru,699,33 min
433,C164,21,3,2023-05-14,12:07 AM,2023-05-14,12:49 AM,Agartala,Takeaway,449,42 min
64,C080,26,6,2023-09-03,04:37 PM,2023-09-03,05:17 PM,Indore,Drive-thru,299,40 min
955,C005,57,4,2023-02-11,02:33 PM,2023-02-11,03:24 PM,Kishanganj,Dine-in,229,51 min
118,C167,13,3,2023-06-14,11:38 PM,2023-06-14,12:18 AM,Kharagpur,Dine-in,999,40 min
582,C094,38,6,2023-09-02,12:38 AM,2023-09-02,01:15 AM,Nangloi Jat,Drive-thru,299,37 min
842,C080,60,1,2023-12-18,07:19 AM,2023-12-18,07:42 AM,Indore,Home Delivery,419,23 min
821,C001,8,1,2023-08-27,02:13 AM,2023-08-27,02:39 AM,Rajahmundry,Takeaway,199,26 min
740,C031,56,2,2023-12-01,03:44 PM,2023-12-01,03:59 PM,Shimla,Drive-thru,899,15 min
265,C043,40,2,2023-04-16,12:05 PM,2023-04-16,12:20 PM,Hapur,Dine-in,449,15 min
722,C020,14,5,2023-02-19,05:52 PM,2023-02-19,06:40 PM,Saharsa,Takeaway,299,48 min
134,C095,40,2,2023-04-23,12:04 AM,2023-04-23,12:50 AM,Durgapur,Drive-thru,449,46 min
741,C014,20,5,2023-01-22,06:14 AM,2023-01-22,06:53 AM,Tenali,Takeaway,449,39 min
197,C012,60,1,2023-12-17,12:38 AM,2023-12-17,01:32 AM,Malda,Dine-in,419,54 min
678,C141,24,2,2023-07-30,06:54 AM,2023-07-30,07:53 AM,Kota,Drive-thru,349,59 min
775,C198,10,6,2023-10-17,03:33 AM,2023-10-17,03:48 AM,Navi Mumbai,Home Delivery,499,15 min
412,C078,20,3,2023-09-09,05:18 PM,2023-09-09,05:48 PM,AMROHA,Takeaway,449,30 min
1,C086,5,3,2023-02-18,05:12 PM,2023-02-18,06:06 PM,Bhilai,Home Delivery,899,53 min
680,C057,17,1,2023-05-08,02:37 PM,2023-05-08,02:56 PM,Tiruchirappalli,Home Delivery,249,19 min
461,C094,46,3,2023-01-20,02:36 PM,2023-01-20,03:12 PM,Nangloi Jat,Home Delivery,999,36 min
570,C068,47,6,2023-02-09,07:07 AM,2023-02-09,07:50 AM,Hindupur,Dine-in,129,43 min
218,C028,9,3,2023-01-04,10:18 AM,2023-01-04,10:35 AM,Kollam,Home Delivery,449,17 min
713,C135,44,4,2023-10-10,05:34 AM,2023-10-10,06:00 AM,Asansol,Home Delivery,179,26 min
107,C050,16,3,2023-10-13,02:31 AM,2023-10-13,03:11 AM,Malda,Takeaway,242,40 min
959,C062,12,5,2023-12-21,09:00 PM,2023-12-21,09:30 PM,Sikar,Takeaway,149,30 min
717,C009,37,6,2023-07-18,12:30 PM,2023-07-18,01:21 PM,Giridih,Home Delivery,499,51 min
264,C031,50,2,2023-04-18,11:32 PM,2023-04-18,12:08 AM,Shimla,Drive-thru,999,36 min
419,C117,4,3,2023-12-27,01:18 PM,2023-12-27,02:01 PM,Guwahati,Home Delivery,249,43 min
479,C096,53,3,2023-04-04,11:30 AM,2023-04-04,11:58 AM,Gaya,Drive-thru,599,28 min
149,C136,9,6,2023-04-25,01:16 PM,2023-04-25,01:58 PM,Kolhapur,Dine-in,449,42 min
899,C033,33,1,2023-05-23,10:26 PM,2023-05-23,10:45 PM,Nellore,Takeaway,99,19 min
140,C030,44,2,2023-10-26,01:40 PM,2023-10-26,02:24 PM,Mirzapur,Dine-in,179,44 min
858,C101,12,6,2023-07-12,09:23 PM,2023-07-12,10:23 PM,Aizawl,Home Delivery,149,60 min
292,C158,44,4,2023-04-22,11:24 AM,2023-04-22,11:43 AM,Patiala,Dine-in,179,19 min
147,C098,29,4,2023-07-12,07:53 AM,2023-07-12,08:19 AM,YAMUNANAGAR,Takeaway,549,26 min
522,C100,27,6,2023-10-06,08:38 AM,2023-10-06,09:08 AM,Motihari,Dine-in,149,30 min
966,C073,14,4,2023-05-09,09:35 PM,2023-05-09,10:15 PM,Jalgaon,Drive-thru,299,40 min
126,C004,48,3,2023-06-01,10:39 AM,2023-06-01,11:19 AM,Nadiad,Takeaway,449,40 min
941,C139,42,3,2023-09-13,04:12 PM,2023-09-13,04:47 PM,Tirupati,Dine-in,342,35 min
87,C073,32,5,2023-12-01,06:38 PM,2023-12-01,07:31 PM,Jalgaon,Home Delivery,399,53 min
29,C184,10,3,2023-08-08,01:21 AM,2023-08-08,02:11 AM,Karaikudi,Home Delivery,499,50 min
146,C105,12,2,2023-11-25,03:20 PM,2023-11-25,04:07 PM,Purnia,Home Delivery,149,47 min
96,C042,26,5,2023-06-03,09:46 AM,2023-06-03,10:30 AM,Latur,Drive-thru,299,44 min
732,C133,9,3,2023-01-04,03:48 PM,2023-01-04,04:39 PM,Panihati,Takeaway,449,51 min
437,C150,46,5,2023-08-04,06:41 AM,2023-08-04,07:18 AM,Gurgaon,Takeaway,999,37 min
257,C176,32,4,2023-12-30,09:19 PM,2023-12-30,09:43 PM,Nashik,Drive-thru,399,24 min
999,C014,5,3,2023-06-26,10:10 PM,2023-06-26,10:30 PM,Tenali,Drive-thru,899,19 min
72,C152,38,2,2023-03-29,12:38 AM,2023-03-29,01:28 AM,Tezpur,Dine-in,299,50 min
868,C152,39,4,2023-06-16,05:40 AM,2023-06-16,06:28 AM,Tezpur,Drive-thru,699,48 min
325,C095,38,4,2023-04-11,07:52 AM,2023-04-11,08:37 AM,Durgapur,Takeaway,299,45 min
845,C052,13,3,2023-05-22,02:04 PM,2023-05-22,02:28 PM,Raiganj,Drive-thru,999,24 min
191,C102,6,3,2023-07-27,07:02 PM,2023-07-27,07:35 PM,Sultan Pur Majra,Takeaway,299,33 min
440,C025,31,2,2023-05-13,03:15 PM,2023-05-13,04:01 PM,Rajkot,Home Delivery,899,46 min
34,C188,43,6,2023-02-23,12:25 PM,2023-02-23,12:40 PM,Deoghar,Takeaway,499,15 min
849,C181,52,3,2023-10-21,05:35 PM,2023-10-21,05:54 PM,Rajkot,Takeaway,179,19 min
15,C119,50,3,2023-07-15,03:43 AM,2023-07-15,04:42 AM,Nangloi Jat,Takeaway,999,59 min
275,C017,51,5,2023-07-23,09:01 PM,2023-07-23,09:19 PM,Warangal,Drive-thru,699,18 min
342,C132,4,6,2023-06-03,05:11 AM,2023-06-03,05:41 AM,Rajpur Sonarpur,Takeaway,249,30 min
156,C194,56,1,2023-03-13,03:48 PM,2023-03-13,04:26 PM,Kakinada,Takeaway,899,38 min
198,C046,60,3,2023-01-09,01:01 AM,2023-01-09,01:31 AM,Tirunelveli,Takeaway,419,30 min
510,C088,19,4,2023-10-03,01:04 AM,2023-10-03,01:20 AM,Sambhal,Drive-thru,649,16 min
542,C054,43,6,2023-04-20,02:29 AM,2023-04-20,03:11 AM,Akola,Dine-in,499,42 min
339,C068,55,1,2023-02-16,12:32 PM,2023-02-16,01:18 PM,Hindupur,Home Delivery,179,46 min
454,C161,47,2,2023-04-26,10:37 PM,2023-04-26,11:18 PM,Visakhapatnam,Home Delivery,129,41 min
664,C191,45,6,2023-10-02,04:56 AM,2023-10-02,05:30 AM,Thane,Takeaway,449,34 min
151,C059,16,4,2023-06-27,10:57 AM,2023-06-27,11:35 AM,Asansol,Home Delivery,242,38 min
297,C076,42,1,2023-05-03,07:54 AM,2023-05-03,08:20 AM,Durg,Drive-thru,342,26 min
561,C186,38,4,2023-06-19,09:08 AM,2023-06-19,09:56 AM,Begusarai,Takeaway,299,49 min
877,C181,36,3,2023-02-26,05:52 AM,2023-02-26,06:39 AM,Rajkot,Dine-in,449,47 min
240,C088,42,1,2023-12-13,03:17 AM,2023-12-13,04:04 AM,Sambhal,Takeaway,342,47 min
315,C041,17,1,2023-10-21,11:58 PM,2023-10-21,12:55 AM,Bhilai,Takeaway,249,57 min
19,C112,6,2,2023-08-19,05:14 PM,2023-08-19,06:04 PM,Dewas,Dine-in,299,51 min
416,C132,51,2,2023-03-02,02:49 AM,2023-03-02,03:15 AM,Rajpur Sonarpur,Drive-thru,699,26 min
597,C052,34,5,2023-12-17,07:21 AM,2023-12-17,07:38 AM,Raiganj,Takeaway,799,17 min
52,C099,37,1,2023-11-06,12:38 AM,2023-11-06,12:53 AM,Srikakulam,Drive-thru,499,15 min
934,C175,20,4,2023-01-29,11:14 AM,2023-01-29,12:01 PM,Secunderabad,Home Delivery,449,47 min
876,C076,4,3,2023-10-09,02:09 AM,2023-10-09,03:03 AM,Durg,Dine-in,249,54 min
449,C116,18,2,2023-03-28,09:44 PM,2023-03-28,10:08 PM,Mira-Bhayandar,Drive-thru,449,24 min
997,C189,49,5,2023-12-26,08:27 AM,2023-12-26,09:24 AM,Kota,Takeaway,349,57 min
850,C019,20,5,2023-06-23,05:31 PM,2023-06-23,06:29 PM,Bhopal,Dine-in,449,58 min
512,C183,48,5,2023-11-20,11:34 AM,2023-11-20,12:17 PM,Satna,Takeaway,449,43 min
128,C023,26,6,2023-02-18,03:59 AM,2023-02-18,04:26 AM,Khandwa,Takeaway,299,27 min
568,C115,23,3,2023-09-07,02:35 AM,2023-09-07,03:01 AM,Bhimavaram,Takeaway,699,26 min
152,C049,60,6,2023-02-27,12:20 AM,2023-02-27,01:05 AM,Panvel,Drive-thru,419,45 min
3,C021,38,6,2023-03-14,12:52 AM,2023-03-14,01:52 AM,Tadepalligudem,Home Delivery,299,60 min
345,C200,15,2,2023-04-12,03:33 PM,2023-04-12,03:49 PM,Firozabad,Home Delivery,179,16 min
686,C073,18,2,2023-08-13,03:59 PM,2023-08-13,04:48 PM,Jalgaon,Takeaway,449,49 min
885,C160,12,4,2023-09-18,08:44 PM,2023-09-18,09:21 PM,Phusro,Drive-thru,149,37 min
66,C120,44,5,2023-06-26,02:44 PM,2023-06-26,03:15 PM,Bahraich,Takeaway,179,31 min
62,C061,51,4,2023-01-14,03:09 AM,2023-01-14,03:49 AM,Tenali,Home Delivery,699,40 min
901,C155,12,5,2023-03-19,06:15 AM,2023-03-19,06:37 AM,Ajmer,Home Delivery,149,22 min
616,C158,42,5,2023-05-27,04:07 PM,2023-05-27,04:50 PM,Patiala,Takeaway,342,43 min
7,C131,24,1,2023-07-05,03:32 PM,2023-07-05,04:12 PM,GANGTOK,Drive-thru,349,40 min
32,C121,3,6,2023-07-18,04:42 PM,2023-07-18,05:06 PM,Moradabad,Home Delivery,599,24 min
601,C124,51,4,2023-06-29,07:37 AM,2023-06-29,08:17 AM,Gaya,Drive-thru,699,40 min
643,C177,1,2,2023-12-12,10:32 AM,2023-12-12,11:20 AM,Ichalkaranji,Drive-thru,349,48 min
455,C034,7,4,2023-09-15,07:21 AM,2023-09-15,08:16 AM,Panipat,Takeaway,229,55 min
556,C054,48,3,2023-06-26,05:44 PM,2023-06-26,06:05 PM,Akola,Drive-thru,449,21 min
161,C179,27,4,2023-03-18,08:14 AM,2023-03-18,08:32 AM,Bhiwandi,Drive-thru,149,18 min
733,C055,55,3,2023-01-12,02:48 PM,2023-01-12,03:47 PM,Nangloi Jat,Drive-thru,179,59 min
389,C101,37,5,2023-09-09,12:39 AM,2023-09-09,01:04 AM,Aizawl,Dine-in,499,25 min
312,C086,52,4,2023-05-20,01:47 AM,2023-05-20,02:30 AM,Bhilai,Home Delivery,179,43 min
698,C004,11,3,2023-10-27,09:47 PM,2023-10-27,10:37 PM,Nadiad,Drive-thru,649,50 min
774,C036,20,6,2023-12-28,10:29 PM,2023-12-28,11:08 PM,Dhule,Drive-thru,449,39 min
359,C041,7,2,2023-12-03,05:23 PM,2023-12-03,05:58 PM,Bhilai,Home Delivery,229,35 min
378,C066,51,1,2023-01-01,04:35 PM,2023-01-01,05:25 PM,Pondicherry,Drive-thru,699,50 min
233,C131,48,5,2023-10-13,02:45 PM,2023-10-13,03:09 PM,Gangtok,Drive-thru,449,24 min
917,C090,15,6,2023-05-26,04:29 PM,2023-05-26,05:20 PM,Singrauli,Takeaway,179,51 min
757,C006,22,2,2023-10-03,07:52 PM,2023-10-03,08:14 PM,Dehri,Takeaway,249,23 min
908,C122,48,5,2023-04-30,01:37 AM,2023-04-30,02:15 AM,Madhyamgram,Drive-thru,449,38 min
705,C186,9,3,2023-01-21,03:11 PM,2023-01-21,04:00 PM,Begusarai,Drive-thru,449,49 min
672,C135,41,6,2023-10-01,02:52 AM,2023-10-01,03:41 AM,Asansol,Home Delivery,349,49 min
124,C130,30,3,2023-04-09,12:05 AM,2023-04-09,12:55 AM,Kavali,Home Delivery,615,50 min
639,C047,49,5,2023-05-24,03:02 PM,2023-05-24,03:34 PM,Dharmavaram,Drive-thru,349,32 min
606,C093,7,2,2023-07-08,10:05 AM,2023-07-08,10:58 AM,Kamarhati,Home Delivery,229,53 min
462,C198,35,5,2023-01-25,07:41 PM,2023-01-25,08:27 PM,Navi Mumbai,Dine-in,199,46 min
813,C083,24,4,2023-04-02,05:07 PM,2023-04-02,05:45 PM,Amravati,Dine-in,349,38 min
711,C005,40,3,2023-11-14,04:37 AM,2023-11-14,05:14 AM,Kishanganj,Home Delivery,449,37 min
311,C096,9,6,2023-05-18,10:41 AM,2023-05-18,11:27 AM,Gaya,Dine-in,449,46 min
928,C009,5,1,2023-10-20,12:33 AM,2023-10-20,01:24 AM,Giridih,Drive-thru,899,51 min
56,C068,50,3,2023-12-27,06:49 AM,2023-12-27,07:15 AM,Hindupur,Takeaway,999,26 min
305,C138,21,4,2023-10-28,12:21 AM,2023-10-28,12:48 AM,Thane,Home Delivery,449,27 min
689,C085,6,2,2023-01-29,01:59 PM,2023-01-29,02:36 PM,Malda,Drive-thru,299,37 min
180,C044,47,3,2023-03-28,01:34 PM,2023-03-28,02:13 PM,SALEM,Drive-thru,129,39 min
567,C035,44,6,2023-06-19,06:16 AM,2023-06-19,07:05 AM,Srinagar,Drive-thru,179,49 min
111,C089,50,2,2023-05-29,01:03 AM,2023-05-29,01:58 AM,Dindigul,Home Delivery,999,55 min
648,C116,12,5,2023-03-09,05:29 PM,2023-03-09,06:13 PM,Mira-Bhayandar,Dine-in,149,44 min
334,C081,60,4,2023-12-25,12:38 AM,2023-12-25,01:09 AM,Sri Ganganagar,Home Delivery,419,31 min
113,C055,13,5,2023-05-19,03:39 AM,2023-05-19,04:13 AM,Nangloi Jat,Takeaway,999,34 min
694,C100,44,3,2023-06-15,03:56 PM,2023-06-15,04:36 PM,Motihari,Dine-in,179,39 min
387,C026,22,2,2023-08-04,02:40 AM,2023-08-04,03:16 AM,Morbi,Home Delivery,249,36 min
329,C136,16,4,2023-09-09,05:26 AM,2023-09-09,05:53 AM,Nangloi Jat,Takeaway,242,27 min
802,C079,20,6,2023-08-17,06:57 AM,2023-08-17,07:30 AM,Jabalpur,Takeaway,449,33 min
953,C179,24,5,2023-03-26,10:01 AM,2023-03-26,10:51 AM,Bhiwandi,Takeaway,349,50 min
927,C158,42,1,2023-08-15,08:50 PM,2023-08-15,09:16 PM,Patiala,Dine-in,342,26 min
983,C107,3,1,2023-08-29,06:05 PM,2023-08-29,07:00 PM,Nangloi Jat,Drive-thru,599,55 min
754,C194,47,1,2023-02-27,08:42 AM,2023-02-27,09:15 AM,Kakinada,Takeaway,129,33 min
447,C081,56,6,2023-04-03,03:56 AM,2023-04-03,04:22 AM,SRI GANGANAGAR,Drive-thru,899,26 min
989,C198,9,6,2023-07-27,05:29 AM,2023-07-27,05:52 AM,Navi Mumbai,Home Delivery,449,23 min
964,C050,8,2,2023-12-17,03:32 PM,2023-12-17,03:53 PM,Malda,Drive-thru,199,21 min
734,C025,3,4,2023-02-07,04:58 PM,2023-02-07,05:40 PM,Rajkot,Takeaway,599,42 min
42,C103,48,4,2023-07-17,02:34 PM,2023-07-17,03:02 PM,Shahjahanpur,Takeaway,449,28 min
851,C034,2,4,2023-12-12,01:55 AM,2023-12-12,02:40 AM,Panipat,Dine-in,179,45 min
68,C133,10,3,2023-03-26,07:48 PM,2023-03-26,08:20 PM,Panihati,Home Delivery,499,33 min
249,C118,40,2,2023-12-11,07:17 AM,2023-12-11,07:47 AM,Chandrapur,Dine-in,449,30 min
252,C108,39,2,2023-10-22,07:21 AM,2023-10-22,07:40 AM,Anand,Drive-thru,699,19 min
943,C031,14,6,2023-08-12,06:39 PM,2023-08-12,07:28 PM,Shimla,Takeaway,299,49 min
477,C003,55,2,2023-06-12,05:44 PM,2023-06-12,06:10 PM,Nangloi Jat,Home Delivery,179,26 min
673,C124,35,2,2023-02-15,09:34 PM,2023-02-15,10:13 PM,Gaya,Home Delivery,199,39 min
370,C078,21,2,2023-03-22,11:33 AM,2023-03-22,12:08 PM,Amroha,Drive-thru,449,35 min
552,C192,26,5,2023-06-01,08:21 AM,2023-06-01,09:11 AM,Tiruchirappalli,Home Delivery,299,50 min
583,C058,34,4,2023-06-30,04:13 AM,2023-06-30,04:50 AM,Bhatpara,Drive-thru,799,37 min
9,C040,5,3,2023-02-21,12:38 AM,2023-02-21,01:08 AM,Nizamabad,Home Delivery,899,30 min
232,C111,7,1,2023-02-20,03:17 AM,2023-02-20,04:10 AM,Jorhat,Takeaway,229,53 min
995,C094,12,6,2023-10-14,03:04 AM,2023-10-14,04:03 AM,Nangloi Jat,Takeaway,149,59 min
489,C039,54,5,2023-10-11,12:38 AM,2023-10-11,01:34 AM,Alwar,Dine-in,179,56 min
511,C155,45,6,2023-09-20,05:53 AM,2023-09-20,06:46 AM,Ajmer,Home Delivery,449,53 min
979,C148,36,2,2023-02-14,03:48 AM,2023-02-14,04:16 AM,Rewa,Drive-thru,449,28 min
527,C011,28,3,2023-10-12,07:49 AM,2023-10-12,08:34 AM,Surendranagar Dudhrej,Takeaway,229,45 min
538,C066,35,6,2023-05-25,10:39 PM,2023-05-25,10:58 PM,Pondicherry,Home Delivery,199,19 min
172,C098,30,5,2023-11-29,02:14 PM,2023-11-29,03:03 PM,YAMUNANAGAR,Home Delivery,615,49 min
753,C012,60,2,2023-04-13,12:45 AM,2023-04-13,01:22 AM,Malda,Takeaway,419,37 min
302,C011,60,1,2023-07-23,02:06 PM,2023-07-23,02:49 PM,Surendranagar Dudhrej,Drive-thru,419,43 min
406,C107,10,3,2023-10-18,12:53 AM,2023-10-18,01:50 AM,Nangloi Jat,Dine-in,499,57 min
904,C153,60,2,2023-09-11,11:14 PM,2023-09-11,11:39 PM,Mau,Drive-thru,419,25 min
13,C157,19,6,2023-08-18,08:45 PM,2023-08-18,09:17 PM,Gandhinagar,Takeaway,649,32 min
120,C045,27,2,2023-01-19,09:14 PM,2023-01-19,09:40 PM,Noida,Drive-thru,149,26 min
811,C173,19,5,2023-05-12,11:54 AM,2023-05-12,12:17 PM,Gangtok,Drive-thru,649,23 min
577,C092,3,2,2023-09-07,12:37 AM,2023-09-07,01:01 AM,Ghaziabad,Dine-in,599,24 min
735,C068,24,5,2023-05-08,07:10 PM,2023-05-08,08:08 PM,Hindupur,Home Delivery,349,58 min
884,C022,9,6,2023-01-08,02:53 AM,2023-01-08,03:24 AM,Tiruchirappalli,Drive-thru,449,31 min
497,C088,24,1,2023-04-25,01:37 AM,2023-04-25,02:29 AM,Nangloi Jat,Home Delivery,349,52 min
473,C024,50,5,2023-02-08,04:59 PM,2023-02-08,05:20 PM,Hospet,Home Delivery,999,21 min
376,C082,11,6,2023-02-15,10:18 PM,2023-02-15,11:18 PM,Amritsar,Drive-thru,649,60 min
779,C200,13,1,2023-03-09,06:45 PM,2023-03-09,07:12 PM,Firozabad,Drive-thru,999,27 min
557,C166,55,5,2023-03-14,01:10 AM,2023-03-14,02:04 AM,Panipat,Takeaway,179,54 min
553,C174,57,6,2023-11-28,05:49 PM,2023-11-28,06:45 PM,Kamarhati,Dine-in,229,56 min
435,C175,9,6,2023-01-14,11:17 PM,2023-01-14,11:40 PM,Secunderabad,Home Delivery,449,23 min
375,C128,10,3,2023-09-02,04:38 AM,2023-09-02,05:19 AM,Jalna,Home Delivery,499,41 min
451,C104,28,4,2023-07-16,11:02 AM,2023-07-16,11:18 AM,Bahraich,Drive-thru,229,16 min
418,C050,57,2,2023-01-30,10:07 PM,2023-01-30,10:26 PM,Malda,Dine-in,229,19 min
607,C138,28,5,2023-07-07,03:56 PM,2023-07-07,04:39 PM,Thane,Drive-thru,229,43 min
142,C117,37,1,2023-10-14,10:27 AM,2023-10-14,11:18 AM,Guwahati,Home Delivery,499,51 min
637,C196,55,5,2023-01-22,07:59 PM,2023-01-22,08:51 PM,Tenali,Home Delivery,179,52 min
685,C039,4,5,2023-01-12,04:47 PM,2023-01-12,05:20 PM,Alwar,Dine-in,249,33 min
460,C187,9,2,2023-01-12,12:59 PM,2023-01-12,01:21 PM,Guntur,Dine-in,449,22 min
957,C178,52,4,2023-12-21,08:07 PM,2023-12-21,09:06 PM,Hubli–Dharwad,Takeaway,179,59 min
629,C067,5,4,2023-11-21,12:21 AM,2023-11-21,12:36 AM,Munger,Takeaway,899,15 min
392,C021,31,1,2023-06-07,03:04 PM,2023-06-07,03:40 PM,Tadepalligudem,Drive-thru,899,36 min
337,C043,29,4,2023-06-10,08:32 AM,2023-06-10,09:03 AM,Nangloi Jat,Drive-thru,549,31 min
415,C114,14,4,2023-06-09,02:03 PM,2023-06-09,02:24 PM,Vijayawada,Dine-in,299,21 min
630,C081,27,3,2023-09-22,12:15 AM,2023-09-22,12:54 AM,Sri Ganganagar,Home Delivery,149,39 min
748,C144,40,6,2023-09-26,10:37 AM,2023-09-26,11:36 AM,Aizawl,Takeaway,449,59 min
982,C112,38,2,2023-10-30,04:54 PM,2023-10-30,05:12 PM,Dewas,Dine-in,299,18 min
843,C120,57,1,2023-02-22,12:09 AM,2023-02-22,12:59 AM,Bahraich,Dine-in,229,50 min
516,C109,52,1,2023-09-25,12:17 PM,2023-09-25,12:37 PM,Ozhukarai,Dine-in,179,20 min
617,C164,32,4,2023-06-01,08:36 AM,2023-06-01,09:21 AM,Agartala,Home Delivery,399,45 min
565,C110,11,1,2023-06-10,02:03 PM,2023-06-10,02:36 PM,Nashik,Takeaway,649,33 min
178,C128,36,6,2023-12-17,10:44 AM,2023-12-17,11:42 AM,Jalna,Home Delivery,449,58 min
991,C099,58,6,2023-06-20,06:05 AM,2023-06-20,06:58 AM,Srikakulam,Home Delivery,419,53 min
488,C170,47,2,2023-09-04,08:11 PM,2023-09-04,08:52 PM,Ballia,Drive-thru,129,41 min
109,C082,31,3,2023-10-14,02:01 PM,2023-10-14,02:25 PM,Amritsar,Home Delivery,899,24 min
870,C084,32,6,2023-05-12,08:08 PM,2023-05-12,08:48 PM,Tirunelveli,Dine-in,399,40 min
656,C006,27,1,2023-06-29,05:56 AM,2023-06-29,06:29 AM,Dehri,Drive-thru,149,33 min
225,C182,14,4,2023-05-30,05:49 AM,2023-05-30,06:42 AM,Shimla,Drive-thru,299,53 min
484,C124,59,4,2023-02-27,12:13 PM,2023-02-27,12:30 PM,Gaya,Drive-thru,129,17 min
73,C008,6,1,2023-11-25,03:11 AM,2023-11-25,04:10 AM,Fatehpur,Takeaway,299,59 min
700,C096,50,1,2023-05-08,03:56 PM,2023-05-08,04:23 PM,Gaya,Drive-thru,999,27 min
231,C166,40,1,2023-10-16,10:30 PM,2023-10-16,11:12 PM,Panipat,Home Delivery,449,42 min
228,C115,39,4,2023-10-26,09:12 PM,2023-10-26,09:46 PM,Bhimavaram,Drive-thru,699,34 min
408,C068,25,6,2023-09-06,10:07 AM,2023-09-06,10:49 AM,HINDUPUR,Dine-in,449,42 min
470,C076,11,1,2023-10-08,09:52 AM,2023-10-08,10:14 AM,Durg,Takeaway,649,22 min
348,C024,58,3,2023-03-04,08:30 PM,2023-03-04,09:25 PM,Hospet,Drive-thru,419,55 min
830,C134,20,5,2023-12-14,11:01 AM,2023-12-14,11:54 AM,Guntakal,Dine-in,449,53 min
949,C052,28,3,2023-12-14,09:08 PM,2023-12-14,09:23 PM,Raiganj,Home Delivery,229,15 min
996,C036,22,2,2023-10-04,05:24 PM,2023-10-04,05:41 PM,Nangloi Jat,Drive-thru,249,17 min
395,C012,17,4,2023-08-27,02:11 AM,2023-08-27,02:38 AM,Malda,Takeaway,249,27 min
743,C173,47,4,2023-08-17,05:48 PM,2023-08-17,06:30 PM,Gangtok,Takeaway,129,42 min
259,C009,18,2,2023-10-03,01:48 AM,2023-10-03,02:27 AM,GIRIDIH,Takeaway,449,39 min
796,C152,58,6,2023-04-14,01:36 PM,2023-04-14,02:23 PM,Tezpur,Dine-in,419,47 min
396,C069,37,1,2023-03-19,02:45 AM,2023-03-19,03:37 AM,Solapur,Dine-in,499,52 min
621,C151,13,5,2023-01-08,01:38 PM,2023-01-08,01:58 PM,Chittoor,Dine-in,999,20 min
108,C077,50,3,2023-12-27,01:19 AM,2023-12-27,02:17 AM,Gandhidham,Drive-thru,999,58 min
237,C088,30,2,2023-09-24,02:38 AM,2023-09-24,03:37 AM,Sambhal,Home Delivery,615,59 min
892,C121,41,6,2023-06-12,05:26 PM,2023-06-12,06:12 PM,Moradabad,Home Delivery,349,46 min
921,C179,12,3,2023-05-31,06:54 AM,2023-05-31,07:52 AM,Bhiwandi,Dine-in,149,59 min
747,C124,36,2,2023-09-07,04:04 AM,2023-09-07,04:39 AM,Gaya,Takeaway,449,35 min
216,C077,31,1,2023-07-04,12:31 AM,2023-07-04,01:01 AM,Gandhidham,Takeaway,899,30 min
756,C178,52,1,2023-06-06,05:40 PM,2023-06-06,06:15 PM,Hubli–Dharwad,Drive-thru,179,35 min
217,C185,41,4,2023-01-11,04:47 AM,2023-01-11,05:12 AM,Rohtak,Drive-thru,349,25 min
834,C181,55,3,2023-12-30,05:59 AM,2023-12-30,06:50 AM,Rajkot,Home Delivery,179,51 min
394,C048,24,4,2023-07-09,08:07 PM,2023-07-09,08:57 PM,Berhampur,Drive-thru,349,50 min
668,C059,16,6,2023-05-26,02:13 PM,2023-05-26,03:02 PM,ASANSOL,Takeaway,242,49 min
974,C046,25,3,2023-03-11,04:40 PM,2023-03-11,05:13 PM,TIRUNELVELI,Takeaway,449,33 min
975,C162,23,3,2023-04-14,01:15 PM,2023-04-14,01:49 PM,Chandigarh,Takeaway,699,34 min
428,C156,52,3,2023-12-31,06:52 PM,2023-12-31,07:24 PM,Rourkela,Drive-thru,179,32 min
650,C051,10,6,2023-03-18,09:31 AM,2023-03-18,10:26 AM,Avadi,Dine-in,499,55 min
220,C167,39,2,2023-06-03,02:48 AM,2023-06-03,03:16 AM,Kharagpur,Takeaway,699,28 min
669,C034,34,2,2023-01-15,02:03 PM,2023-01-15,02:32 PM,Panipat,Home Delivery,799,29 min
475,C013,7,2,2023-01-21,05:22 AM,2023-01-21,06:08 AM,Gaya,Home Delivery,229,45 min
194,C164,1,6,2023-03-29,02:35 PM,2023-03-29,02:50 PM,Agartala,Drive-thru,349,15 min
157,C188,37,3,2023-10-23,03:37 PM,2023-10-23,03:54 PM,Deoghar,Takeaway,499,17 min
426,C132,2,6,2023-01-05,02:27 PM,2023-01-05,02:57 PM,Rajpur Sonarpur,Takeaway,179,30 min
932,C112,26,6,2023-02-05,07:53 PM,2023-02-05,08:30 PM,DEWAS,Dine-in,299,37 min
898,C189,40,1,2023-05-27,06:11 PM,2023-05-27,06:36 PM,Kota,Dine-in,449,25 min
350,C008,25,6,2023-08-07,03:21 PM,2023-08-07,03:47 PM,Fatehpur,Home Delivery,449,26 min
929,C005,58,4,2023-03-18,05:10 AM,2023-03-18,05:34 AM,Kishanganj,Dine-in,419,24 min
640,C193,37,2,2023-01-28,06:39 AM,2023-01-28,07:25 AM,Raipur,Drive-thru,499,46 min
893,C157,4,3,2023-10-01,04:55 PM,2023-10-01,05:25 PM,Gandhinagar,Drive-thru,249,30 min
213,C186,58,5,2023-05-05,03:41 AM,2023-05-05,04:03 AM,Begusarai,Drive-thru,419,22 min
364,C139,20,2,2023-09-09,01:00 PM,2023-09-09,01:52 PM,Tirupati,Dine-in,449,52 min
480,C103,30,3,2023-07-17,10:45 PM,2023-07-17,11:11 PM,Shahjahanpur,Drive-thru,615,26 min
528,C042,38,3,2023-03-01,01:32 PM,2023-03-01,02:10 PM,Latur,Drive-thru,299,38 min
558,C057,40,3,2023-04-10,12:38 AM,2023-04-10,01:20 AM,Tiruchirappalli,Takeaway,449,42 min
599,C024,31,6,2023-08-03,04:56 PM,2023-08-03,05:18 PM,Hospet,Drive-thru,899,22 min
691,C098,54,1,2023-03-04,08:40 AM,2023-03-04,09:22 AM,Yamunanagar,Drive-thru,179,42 min
135,C040,30,6,2023-11-07,09:22 PM,2023-11-07,10:12 PM,Nizamabad,Drive-thru,615,50 min
256,C050,53,4,2023-10-15,03:36 AM,2023-10-15,04:16 AM,Malda,Drive-thru,599,40 min
166,C095,6,5,2023-04-08,06:36 PM,2023-04-08,06:58 PM,Durgapur,Home Delivery,299,22 min
611,C192,15,4,2023-12-25,12:38 AM,2023-12-25,01:20 AM,Tiruchirappalli,Dine-in,179,42 min
938,C162,45,3,2023-09-07,12:07 PM,2023-09-07,12:49 PM,Chandigarh,Drive-thru,449,42 min
879,C183,25,4,2023-07-15,10:51 PM,2023-07-15,11:42 PM,SATNA,Takeaway,449,51 min
321,C058,52,5,2023-01-24,12:38 AM,2023-01-24,01:33 AM,Bhatpara,Dine-in,179,55 min
97,C182,37,3,2023-09-01,11:02 AM,2023-09-01,11:52 AM,Shimla,Home Delivery,499,50 min
970,C051,48,6,2023-06-16,02:05 PM,2023-06-16,02:46 PM,Avadi,Dine-in,449,41 min
20,C107,4,4,2023-09-15,08:10 AM,2023-09-15,08:41 AM,Nangloi Jat,Takeaway,249,31 min
508,C027,25,6,2023-04-11,10:04 PM,2023-04-11,10:27 PM,DHANBAD,Drive-thru,449,23 min
992,C110,49,3,2023-12-24,06:53 AM,2023-12-24,07:40 AM,Nashik,Dine-in,349,47 min
158,C078,57,2,2023-12-05,01:52 PM,2023-12-05,02:26 PM,Amroha,Drive-thru,229,34 min
404,C142,21,3,2023-09-24,07:01 AM,2023-09-24,07:28 AM,Gopalpur,Dine-in,449,27 min
958,C037,41,2,2023-09-25,07:59 AM,2023-09-25,08:41 AM,Bilaspur,Drive-thru,349,42 min
439,C044,54,6,2023-10-13,08:50 PM,2023-10-13,09:33 PM,Salem,Home Delivery,179,43 min
971,C084,15,1,2023-05-02,04:57 AM,2023-05-02,05:24 AM,Tirunelveli,Takeaway,179,27 min
47,C090,29,1,2023-06-30,01:10 PM,2023-06-30,02:10 PM,Singrauli,Home Delivery,549,60 min
286,C003,1,6,2023-06-25,07:06 AM,2023-06-25,07:55 AM,Gangtok,Drive-thru,349,49 min
814,C075,31,5,2023-03-04,06:10 AM,2023-03-04,06:30 AM,Dindigul,Home Delivery,899,20 min
891,C133,6,5,2023-11-09,10:33 PM,2023-11-09,11:05 PM,Panihati,Takeaway,299,32 min
288,C023,47,1,2023-02-22,10:24 PM,2023-02-22,10:43 PM,Khandwa,Home Delivery,129,19 min
2,C065,47,6,2023-11-05,05:56 AM,2023-11-05,06:35 AM,Panipat,Home Delivery,129,39 min
236,C030,54,6,2023-03-14,09:54 PM,2023-03-14,10:10 PM,Mirzapur,Home Delivery,179,16 min
860,C090,31,4,2023-03-29,06:19 PM,2023-03-29,06:43 PM,Singrauli,Home Delivery,899,24 min
952,C017,8,3,2023-03-14,12:38 AM,2023-03-14,01:22 AM,Warangal,Takeaway,199,44 min
946,C180,42,2,2023-01-08,12:54 AM,2023-01-08,01:54 AM,Rourkela,Dine-in,342,59 min
409,C045,18,4,2023-03-15,12:19 PM,2023-03-15,12:38 PM,Noida,Dine-in,449,19 min
855,C146,9,1,2023-12-24,03:49 PM,2023-12-24,04:36 PM,Hospet,Dine-in,449,47 min
543,C053,35,6,2023-08-11,08:38 AM,2023-08-11,08:53 AM,Begusarai,Takeaway,199,15 min
703,C125,15,3,2023-10-13,10:16 AM,2023-10-13,10:48 AM,Raipur,Drive-thru,179,32 min
948,C028,8,4,2023-01-11,11:42 AM,2023-01-11,12:28 PM,Kollam,Dine-in,199,46 min
90,C014,37,5,2023-04-10,08:31 PM,2023-04-10,08:56 PM,TENALI,Home Delivery,499,25 min
797,C065,21,6,2023-11-29,03:00 PM,2023-11-29,03:35 PM,Panipat,Dine-in,449,35 min
314,C131,24,1,2023-09-13,06:45 AM,2023-09-13,07:25 AM,Gangtok,Home Delivery,349,40 min
993,C159,57,3,2023-01-29,10:54 PM,2023-01-29,11:33 PM,Bhalswa Jahangir Pur,Dine-in,229,39 min
581,C149,35,5,2023-03-31,08:25 PM,2023-03-31,09:01 PM,Eluru,Drive-thru,199,36 min
605,C097,42,2,2023-12-19,04:02 PM,2023-12-19,04:43 PM,Bardhaman,Drive-thru,342,41 min
453,C194,54,5,2023-04-08,05:59 PM,2023-04-08,06:26 PM,Kakinada,Dine-in,179,27 min
476,C174,21,4,2023-03-01,12:46 AM,2023-03-01,01:33 AM,Kamarhati,Dine-in,449,47 min
534,C055,43,3,2023-06-19,12:49 PM,2023-06-19,01:37 PM,Nangloi Jat,Home Delivery,499,48 min
712,C185,5,6,2023-10-03,12:38 AM,2023-10-03,01:33 AM,Rohtak,Takeaway,899,55 min
466,C108,43,1,2023-12-06,04:41 PM,2023-12-06,05:30 PM,Anand,Takeaway,499,49 min
289,C077,9,4,2023-03-10,05:26 PM,2023-03-10,05:42 PM,Gandhidham,Dine-in,449,15 min
632,C142,60,2,2023-09-01,04:12 AM,2023-09-01,04:47 AM,Gopalpur,Home Delivery,419,35 min
906,C148,47,3,2023-01-28,12:22 PM,2023-01-28,12:42 PM,Rewa,Dine-in,129,20 min
619,C173,3,3,2023-05-03,03:38 PM,2023-05-03,04:20 PM,Gangtok,Takeaway,599,42 min
808,C048,10,3,2023-01-12,01:14 AM,2023-01-12,01:45 AM,Berhampur,Dine-in,499,31 min
773,C115,35,2,2023-04-16,05:21 PM,2023-04-16,05:40 PM,Bhimavaram,Takeaway,199,19 min
436,C067,59,4,2023-07-27,12:42 AM,2023-07-27,01:27 AM,Munger,Dine-in,129,45 min
306,C179,28,6,2023-05-03,09:44 PM,2023-05-03,10:03 PM,Bhiwandi,Drive-thru,229,19 min
367,C184,12,3,2023-01-31,08:19 AM,2023-01-31,09:11 AM,Karaikudi,Takeaway,149,52 min
657,C200,19,3,2023-06-16,12:38 AM,2023-06-16,12:55 AM,Firozabad,Drive-thru,649,17 min
699,C063,1,1,2023-10-25,07:28 AM,2023-10-25,08:05 AM,Aligarh,Takeaway,349,37 min
759,C178,45,6,2023-01-10,12:38 AM,2023-01-10,01:29 AM,Hubli–Dharwad,Dine-in,449,51 min
280,C110,13,6,2023-09-03,03:33 AM,2023-09-03,04:24 AM,Nashik,Takeaway,999,51 min
444,C121,57,3,2023-09-14,08:31 PM,2023-09-14,08:55 PM,Moradabad,Drive-thru,229,24 min
386,C168,11,5,2023-11-08,05:53 PM,2023-11-08,06:17 PM,Gandhinagar,Dine-in,649,24 min
981,C187,28,6,2023-05-07,07:03 PM,2023-05-07,07:36 PM,Guntur,Home Delivery,229,33 min
338,C138,23,2,2023-08-20,06:53 PM,2023-08-20,07:24 PM,Thane,Drive-thru,699,31 min
750,C172,27,4,2023-07-07,09:04 PM,2023-07-07,09:39 PM,Haridwar,Takeaway,149,35 min
768,C091,41,3,2023-05-01,12:38 AM,2023-05-01,01:06 AM,Faridabad,Dine-in,349,28 min
92,C033,7,4,2023-11-07,07:17 PM,2023-11-07,07:40 PM,Nellore,Home Delivery,229,23 min
101,C175,16,1,2023-10-21,10:54 AM,2023-10-21,11:54 AM,Secunderabad,Takeaway,242,60 min
718,C013,24,2,2023-11-07,06:02 AM,2023-11-07,06:17 AM,Gaya,Dine-in,349,15 min
755,C159,60,2,2023-05-28,09:41 PM,2023-05-28,10:40 PM,Bhalswa Jahangir Pur,Home Delivery,419,59 min
586,C039,12,2,2023-07-05,03:01 AM,2023-07-05,03:28 AM,Alwar,Takeaway,149,27 min
464,C114,25,1,2023-08-10,06:48 AM,2023-08-10,07:06 AM,Vijayawada,Drive-thru,449,18 min
207,C022,18,2,2023-07-14,10:02 PM,2023-07-14,10:17 PM,Tiruchirappalli,Drive-thru,449,15 min
41,C168,22,3,2023-03-05,10:43 PM,2023-03-05,11:37 PM,Gandhinagar,Drive-thru,249,54 min
823,C144,52,6,2023-04-19,04:22 AM,2023-04-19,05:08 AM,Aizawl,Takeaway,179,46 min
856,C117,20,6,2023-11-26,09:56 PM,2023-11-26,10:44 PM,Guwahati,Drive-thru,449,48 min
903,C136,56,1,2023-06-25,07:02 PM,2023-06-25,07:44 PM,Nangloi Jat,Takeaway,899,42 min
487,C133,34,6,2023-12-25,08:34 PM,2023-12-25,09:19 PM,Panihati,Drive-thru,799,45 min
788,C156,48,4,2023-06-10,09:30 PM,2023-06-10,09:52 PM,Rourkela,Dine-in,449,22 min
530,C153,4,6,2023-11-12,10:06 PM,2023-11-12,10:59 PM,Mau,Drive-thru,249,53 min
446,C052,22,4,2023-10-19,09:38 PM,2023-10-19,10:18 PM,Raiganj,Takeaway,249,40 min
309,C004,46,2,2023-12-26,11:08 PM,2023-12-26,11:56 PM,Nadiad,Takeaway,999,48 min
926,C166,32,1,2023-03-15,12:38 AM,2023-03-15,12:55 AM,PANIPAT,Takeaway,399,17 min
430,C120,20,6,2023-09-24,09:51 AM,2023-09-24,10:17 AM,Bahraich,Drive-thru,449,26 min
815,C135,27,5,2023-04-18,07:09 PM,2023-04-18,07:24 PM,Asansol,Dine-in,149,15 min
515,C195,23,5,2023-09-03,02:48 PM,2023-09-03,03:46 PM,Hospet,Home Delivery,699,58 min
972,C097,58,2,2023-02-07,05:15 AM,2023-02-07,05:34 AM,Bardhaman,Drive-thru,419,19 min
227,C065,43,2,2023-08-05,07:28 PM,2023-08-05,08:12 PM,PANIPAT,Dine-in,499,44 min
355,C162,52,5,2023-10-01,05:27 AM,2023-10-01,06:11 AM,Chandigarh,Home Delivery,179,44 min
541,C025,11,5,2023-10-01,05:54 AM,2023-10-01,06:25 AM,Rajkot,Dine-in,649,31 min
190,C050,40,5,2023-05-10,03:40 PM,2023-05-10,04:17 PM,Malda,Home Delivery,449,37 min
933,C099,45,4,2023-04-03,01:54 AM,2023-04-03,02:23 AM,Srikakulam,Home Delivery,449,29 min
283,C161,20,6,2023-12-25,06:24 PM,2023-12-25,07:15 PM,Visakhapatnam,Drive-thru,449,51 min
458,C176,9,3,2023-09-08,07:34 PM,2023-09-08,08:08 PM,Nashik,Takeaway,449,35 min
560,C075,43,1,2023-09-05,02:47 AM,2023-09-05,03:15 AM,Dindigul,Takeaway,499,28 min
683,C029,41,4,2023-11-13,03:46 AM,2023-11-13,04:02 AM,Sikar,Home Delivery,349,16 min
646,C094,12,4,2023-08-06,11:27 PM,2023-08-06,11:52 PM,Nangloi Jat,Drive-thru,149,25 min
414,C187,27,5,2023-11-27,12:38 AM,2023-11-27,01:31 AM,Guntur,Takeaway,149,53 min
250,C173,9,3,2023-03-02,12:17 AM,2023-03-02,01:09 AM,Gangtok,Home Delivery,449,52 min
521,C061,33,6,2023-05-28,09:11 AM,2023-05-28,09:59 AM,Tenali,Drive-thru,99,48 min
12,C012,27,3,2023-12-13,06:42 PM,2023-12-13,07:34 PM,Malda,Drive-thru,149,52 min
998,C083,23,4,2023-09-15,01:14 PM,2023-09-15,02:02 PM,Amravati,Home Delivery,699,48 min
749,C019,18,4,2023-06-15,07:16 AM,2023-06-15,07:48 AM,Bhopal,Dine-in,449,32 min
495,C027,26,4,2023-01-19,10:00 AM,2023-01-19,10:44 AM,Dhanbad,Dine-in,299,44 min
234,C096,26,4,2023-12-14,11:58 PM,2023-12-14,12:27 AM,Gaya,Home Delivery,299,29 min
65,C148,5,2,2023-12-06,02:54 PM,2023-12-06,03:35 PM,Rewa,Drive-thru,899,41 min
114,C028,40,6,2023-10-28,11:29 AM,2023-10-28,12:17 PM,Kollam,Takeaway,449,48 min
500,C088,23,6,2023-05-30,03:59 AM,2023-05-30,04:51 AM,Sambhal,Dine-in,699,52 min
914,C198,44,6,2023-05-04,06:53 PM,2023-05-04,07:40 PM,Navi Mumbai,Home Delivery,179,47 min
26,C199,19,2,2023-06-04,01:48 PM,2023-06-04,02:26 PM,Gulbarga,Dine-in,649,38 min
532,C048,34,1,2023-09-16,07:14 AM,2023-09-16,07:43 AM,Berhampur,Drive-thru,799,29 min
798,C024,8,6,2023-08-19,07:41 PM,2023-08-19,08:25 PM,Hospet,Dine-in,199,44 min
185,C159,41,6,2023-11-12,11:14 PM,2023-11-12,12:10 AM,Nangloi Jat,Drive-thru,349,56 min
801,C042,56,2,2023-04-02,03:20 PM,2023-04-02,03:51 PM,Latur,Drive-thru,899,31 min
598,C156,7,2,2023-09-01,02:38 PM,2023-09-01,02:57 PM,Rourkela,Drive-thru,229,19 min
438,C176,35,6,2023-01-09,08:59 AM,2023-01-09,09:42 AM,Nashik,Home Delivery,199,43 min
244,C116,38,4,2023-07-19,04:08 AM,2023-07-19,04:26 AM,Mira-Bhayandar,Takeaway,299,18 min
168,C049,52,5,2023-12-10,08:06 PM,2023-12-10,08:30 PM,Panvel,Drive-thru,179,24 min
844,C148,49,3,2023-11-24,03:46 PM,2023-11-24,04:17 PM,Rewa,Home Delivery,349,31 min
920,C155,9,4,2023-12-03,07:01 AM,2023-12-03,07:25 AM,Ajmer,Dine-in,449,24 min
980,C056,38,4,2023-08-25,07:56 AM,2023-08-25,08:27 AM,Navi Mumbai,Dine-in,299,31 min
353,C128,27,5,2023-09-03,07:38 PM,2023-09-03,08:12 PM,Jalna,Dine-in,149,34 min
248,C157,26,5,2023-02-28,08:44 AM,2023-02-28,09:22 AM,Gandhinagar,Home Delivery,299,38 min
131,C067,42,3,2023-12-21,02:17 PM,2023-12-21,02:36 PM,Munger,Dine-in,342,19 min
525,C199,47,2,2023-05-31,10:34 PM,2023-05-31,11:22 PM,Gulbarga,Takeaway,129,48 min
533,C140,35,4,2023-02-17,05:06 AM,2023-02-17,05:26 AM,Rourkela,Takeaway,199,20 min
507,C131,50,2,2023-12-21,05:22 AM,2023-12-21,05:38 AM,Gangtok,Takeaway,999,16 min
452,C137,13,6,2023-07-11,06:26 PM,2023-07-11,06:53 PM,Gorakhpur,Home Delivery,999,27 min
704,C188,13,1,2023-12-19,08:00 PM,2023-12-19,08:57 PM,Deoghar,Home Delivery,999,57 min
653,C026,45,3,2023-01-31,05:50 PM,2023-01-31,06:47 PM,Morbi,Home Delivery,449,57 min
764,C131,46,1,2023-06-11,07:11 PM,2023-06-11,07:36 PM,Gangtok,Dine-in,999,25 min
176,C067,36,5,2023-10-24,04:34 PM,2023-10-24,05:10 PM,Munger,Home Delivery,449,37 min
517,C098,10,1,2023-10-12,12:38 AM,2023-10-12,01:08 AM,Yamunanagar,Takeaway,499,30 min
328,C195,43,4,2023-06-07,12:00 AM,2023-06-07,12:45 AM,Hospet,Takeaway,499,45 min
841,C186,3,4,2023-07-18,11:18 PM,2023-07-18,11:43 PM,Begusarai,Dine-in,599,25 min
526,C175,5,2,2023-03-30,08:35 PM,2023-03-30,09:05 PM,Secunderabad,Drive-thru,899,30 min
301,C005,38,4,2023-01-08,04:28 PM,2023-01-08,04:50 PM,Kishanganj,Takeaway,299,22 min
665,C102,7,1,2023-02-02,12:47 PM,2023-02-02,01:05 PM,Sultan Pur Majra,Dine-in,229,18 min
110,C032,37,6,2023-06-10,12:26 AM,2023-06-10,01:20 AM,Pune,Drive-thru,499,54 min
71,C161,20,5,2023-01-10,05:36 PM,2023-01-10,05:54 PM,Visakhapatnam,Takeaway,449,18 min
199,C193,53,6,2023-07-23,08:42 PM,2023-07-23,09:21 PM,Raipur,Drive-thru,599,39 min
795,C106,21,4,2023-01-13,04:10 AM,2023-01-13,04:27 AM,Erode,Drive-thru,449,17 min
222,C189,45,6,2023-09-09,06:29 PM,2023-09-09,07:15 PM,KOTA,Home Delivery,449,46 min
940,C185,38,2,2023-09-08,06:49 PM,2023-09-08,07:06 PM,Rohtak,Dine-in,299,17 min
977,C029,55,4,2023-08-23,06:55 AM,2023-08-23,07:36 AM,Sikar,Takeaway,179,41 min
369,C096,46,6,2023-07-22,08:53 AM,2023-07-22,09:36 AM,Gaya,Home Delivery,999,43 min
883,C185,57,4,2023-12-03,04:09 AM,2023-12-03,04:55 AM,Rohtak,Takeaway,229,46 min
291,C090,47,2,2023-11-18,05:39 AM,2023-11-18,06:12 AM,Singrauli,Drive-thru,129,33 min
863,C137,30,4,2023-10-30,03:07 AM,2023-10-30,03:42 AM,Gorakhpur,Takeaway,615,35 min
817,C186,45,5,2023-12-28,04:44 AM,2023-12-28,05:04 AM,Begusarai,Drive-thru,449,19 min
285,C123,5,2,2023-10-31,01:51 AM,2023-10-31,02:23 AM,Bahraich,Drive-thru,899,32 min
127,C157,55,4,2023-07-27,03:30 AM,2023-07-27,04:12 AM,Gandhinagar,Home Delivery,179,42 min
442,C108,51,3,2023-07-10,10:24 AM,2023-07-10,11:20 AM,Anand,Home Delivery,699,56 min
513,C054,40,6,2023-05-29,03:47 PM,2023-05-29,04:23 PM,Akola,Takeaway,449,36 min
519,C016,45,3,2023-04-15,07:07 PM,2023-04-15,07:42 PM,Chandrapur,Home Delivery,449,35 min
502,C028,17,5,2023-11-04,04:05 PM,2023-11-04,04:25 PM,Kollam,Dine-in,249,20 min
573,C094,26,2,2023-10-29,12:28 AM,2023-10-29,12:43 AM,Nangloi Jat,Takeaway,299,15 min
925,C113,5,4,2023-04-13,06:46 AM,2023-04-13,07:05 AM,Gopalpur,Takeaway,899,19 min
448,C086,41,2,2023-06-10,01:43 PM,2023-06-10,02:38 PM,Bhilai,Dine-in,349,55 min
360,C137,53,6,2023-01-29,11:10 PM,2023-01-29,11:36 PM,Gorakhpur,Drive-thru,599,26 min
398,C100,53,5,2023-08-03,09:28 AM,2023-08-03,10:08 AM,Motihari,Takeaway,599,40 min
330,C183,18,1,2023-01-23,06:05 AM,2023-01-23,07:05 AM,Satna,Drive-thru,449,60 min
990,C161,30,6,2023-11-21,04:41 PM,2023-11-21,05:29 PM,Visakhapatnam,Dine-in,615,48 min
878,C061,28,6,2023-10-30,06:33 PM,2023-10-30,07:01 PM,Tenali,Home Delivery,229,28 min
393,C126,58,6,2023-05-16,07:36 AM,2023-05-16,08:16 AM,Mathura,Drive-thru,419,40 min
320,C147,24,1,2023-09-15,11:46 PM,2023-09-15,12:45 AM,RAURKELA INDUSTRIAL TOWNSHIP,Takeaway,349,59 min
116,C026,27,4,2023-08-30,01:45 AM,2023-08-30,02:26 AM,Morbi,Takeaway,149,41 min
792,C119,11,4,2023-05-31,08:01 AM,2023-05-31,08:24 AM,Nangloi Jat,Takeaway,649,23 min
738,C153,42,3,2023-01-20,09:17 AM,2023-01-20,09:57 AM,Mau,Dine-in,342,40 min
239,C018,20,1,2023-12-30,02:25 PM,2023-12-30,03:01 PM,Kozhikode,Dine-in,449,36 min
125,C042,47,4,2023-11-28,01:33 AM,2023-11-28,02:17 AM,Latur,Takeaway,129,44 min
645,C141,17,2,2023-05-18,11:18 PM,2023-05-18,12:15 AM,Kota,Home Delivery,249,57 min
11,C042,12,6,2023-11-16,10:26 AM,2023-11-16,10:57 AM,LATUR,Drive-thru,149,31 min
148,C168,56,3,2023-03-02,05:49 AM,2023-03-02,06:29 AM,Gandhinagar,Drive-thru,899,40 min
894,C117,33,4,2023-10-21,10:11 PM,2023-10-21,11:01 PM,Guwahati,Drive-thru,99,50 min
709,C136,10,4,2023-01-06,10:43 AM,2023-01-06,10:58 AM,Kolhapur,Home Delivery,499,15 min
482,C041,7,4,2023-10-30,04:22 PM,2023-10-30,04:44 PM,Bhilai,Drive-thru,229,22 min
260,C200,30,5,2023-09-11,12:08 PM,2023-09-11,12:57 PM,Firozabad,Dine-in,615,49 min
307,C023,60,4,2023-01-03,10:41 AM,2023-01-03,11:10 AM,Khandwa,Dine-in,419,29 min
978,C195,22,2,2023-06-01,08:37 PM,2023-06-01,09:13 PM,Hospet,Takeaway,249,36 min
684,C180,40,4,2023-04-07,10:52 PM,2023-04-07,11:20 PM,Rourkela,Dine-in,449,28 min
973,C014,57,4,2023-03-16,12:28 PM,2023-03-16,01:08 PM,Tenali,Drive-thru,229,40 min
887,C148,32,6,2023-05-02,12:42 AM,2023-05-02,01:24 AM,Rewa,Drive-thru,399,42 min
164,C144,27,4,2023-10-13,03:17 AM,2023-10-13,03:54 AM,Aizawl,Drive-thru,149,37 min
70,C065,13,6,2023-10-10,02:26 PM,2023-10-10,02:54 PM,Panipat,Takeaway,999,28 min
363,C146,37,2,2023-10-16,02:49 AM,2023-10-16,03:27 AM,Hospet,Drive-thru,499,38 min
223,C097,18,4,2023-07-06,05:11 PM,2023-07-06,05:27 PM,Nangloi Jat,Takeaway,449,16 min
635,C053,15,2,2023-05-08,11:47 PM,2023-05-08,12:46 AM,Begusarai,Takeaway,179,59 min
427,C166,12,4,2023-01-05,09:10 PM,2023-01-05,09:50 PM,Panipat,Home Delivery,149,40 min
721,C158,18,5,2023-01-21,02:08 AM,2023-01-21,02:36 AM,Patiala,Home Delivery,449,28 min
596,C059,25,4,2023-03-09,08:01 AM,2023-03-09,08:22 AM,Asansol,Drive-thru,449,21 min
241,C133,12,5,2023-03-23,09:15 AM,2023-03-23,09:32 AM,Panihati,Drive-thru,149,17 min
319,C083,16,4,2023-06-13,01:38 PM,2023-06-13,02:15 PM,Amravati,Dine-in,242,37 min
184,C003,14,5,2023-08-22,12:38 AM,2023-08-22,01:38 AM,Gangtok,Dine-in,299,60 min
681,C073,42,6,2023-09-30,02:04 PM,2023-09-30,03:01 PM,Jalgaon,Drive-thru,342,57 min
523,C191,17,2,2023-11-14,02:31 PM,2023-11-14,03:30 PM,Nangloi Jat,Takeaway,249,59 min
895,C091,52,3,2023-05-29,11:41 AM,2023-05-29,12:13 PM,Faridabad,Dine-in,179,32 min
550,C156,6,3,2023-08-13,02:43 PM,2023-08-13,03:35 PM,Rourkela,Drive-thru,299,52 min
880,C170,12,4,2023-03-13,12:14 PM,2023-03-13,01:03 PM,Ballia,Drive-thru,149,49 min
867,C170,43,1,2023-12-31,09:28 PM,2023-12-31,09:57 PM,Ballia,Dine-in,499,29 min
666,C007,50,4,2023-09-26,07:05 PM,2023-09-26,07:44 PM,Dindigul,Dine-in,999,39 min
985,C127,16,1,2023-10-13,04:35 AM,2023-10-13,05:26 AM,Gaya,Drive-thru,242,51 min
229,C140,3,3,2023-12-26,01:35 AM,2023-12-26,02:17 AM,Rourkela,Dine-in,599,42 min
33,C192,2,3,2023-04-02,03:19 PM,2023-04-02,03:43 PM,Tiruchirappalli,Takeaway,179,24 min
189,C028,59,1,2023-09-26,01:58 PM,2023-09-26,02:51 PM,Kollam,Takeaway,129,53 min
271,C148,41,3,2023-11-18,10:07 AM,2023-11-18,10:38 AM,Rewa,Drive-thru,349,31 min
385,C153,40,4,2023-12-27,07:50 PM,2023-12-27,08:43 PM,Mau,Drive-thru,449,53 min
544,C007,30,6,2023-06-19,06:26 AM,2023-06-19,07:02 AM,Dindigul,Dine-in,615,36 min
169,C054,56,3,2023-06-05,03:20 PM,2023-06-05,04:00 PM,Akola,Takeaway,899,40 min
44,C187,28,1,2023-08-09,02:58 PM,2023-08-09,03:56 PM,Guntur,Home Delivery,229,58 min
352,C039,3,5,2023-11-14,08:06 PM,2023-11-14,08:46 PM,Alwar,Home Delivery,599,39 min
913,C069,52,4,2023-05-11,04:18 AM,2023-05-11,04:49 AM,Solapur,Drive-thru,179,31 min
405,C180,40,5,2023-09-25,08:21 PM,2023-09-25,08:48 PM,Rourkela,Dine-in,449,27 min
836,C078,14,5,2023-06-04,11:19 PM,2023-06-04,11:53 PM,Amroha,Dine-in,299,34 min
294,C110,21,2,2023-05-07,02:53 PM,2023-05-07,03:32 PM,Nashik,Dine-in,449,39 min
413,C035,20,6,2023-08-15,12:04 AM,2023-08-15,12:22 AM,Srinagar,Home Delivery,449,18 min
89,C187,24,4,2023-07-07,04:10 AM,2023-07-07,04:34 AM,Guntur,Drive-thru,349,24 min
235,C007,31,1,2023-06-01,03:30 PM,2023-06-01,03:48 PM,Dindigul,Dine-in,899,17 min
723,C137,25,2,2023-09-04,12:38 AM,2023-09-04,01:33 AM,Gorakhpur,Takeaway,449,55 min
545,C019,4,2,2023-05-09,02:54 AM,2023-05-09,03:52 AM,Bhopal,Takeaway,249,59 min
912,C157,59,6,2023-05-20,08:53 AM,2023-05-20,09:25 AM,Gandhinagar,Drive-thru,129,32 min
399,C122,20,1,2023-07-22,07:00 PM,2023-07-22,07:50 PM,Madhyamgram,Takeaway,449,50 min
210,C048,28,4,2023-10-13,07:31 AM,2023-10-13,08:07 AM,Berhampur,Dine-in,229,36 min
81,C062,30,1,2023-05-17,06:36 PM,2023-05-17,07:24 PM,Sikar,Takeaway,615,48 min
25,C056,54,2,2023-10-08,03:19 AM,2023-10-08,03:41 AM,Navi Mumbai,Dine-in,179,22 min
400,C031,49,4,2023-03-30,01:44 AM,2023-03-30,02:38 AM,Shimla,Takeaway,349,54 min
269,C180,56,2,2023-05-08,09:58 AM,2023-05-08,10:56 AM,Rourkela,Home Delivery,899,58 min
909,C122,17,2,2023-09-29,09:24 AM,2023-09-29,09:57 AM,Madhyamgram,Dine-in,249,33 min
246,C094,21,2,2023-08-23,05:35 AM,2023-08-23,06:31 AM,Nangloi Jat,Home Delivery,449,56 min
410,C102,57,3,2023-12-20,06:58 PM,2023-12-20,07:52 PM,Sultan Pur Majra,Dine-in,229,55 min
6,C172,45,6,2023-12-17,01:49 PM,2023-12-17,02:40 PM,Haridwar,Drive-thru,449,51 min
790,C133,35,4,2023-01-21,08:14 AM,2023-01-21,08:34 AM,Panihati,Dine-in,199,20 min
432,C176,7,4,2023-02-02,07:25 PM,2023-02-02,08:05 PM,Nashik,Home Delivery,229,40 min
725,C173,30,6,2023-12-07,08:04 AM,2023-12-07,08:52 AM,Nangloi Jat,Dine-in,615,48 min
230,C197,16,6,2023-12-07,01:56 PM,2023-12-07,02:55 PM,Farrukhabad,Takeaway,242,59 min
284,C168,6,6,2023-02-18,05:27 PM,2023-02-18,05:47 PM,Gandhinagar,Takeaway,299,20 min
340,C181,45,5,2023-01-21,12:38 AM,2023-01-21,01:29 AM,Rajkot,Home Delivery,449,51 min
343,C008,26,4,2023-12-10,11:31 AM,2023-12-10,12:18 PM,Fatehpur,Dine-in,299,47 min
403,C187,59,1,2023-02-14,12:18 PM,2023-02-14,12:54 PM,Guntur,Drive-thru,129,36 min
612,C055,33,4,2023-06-23,02:47 AM,2023-06-23,03:22 AM,Nangloi Jat,Takeaway,99,35 min
783,C100,32,4,2023-12-03,09:03 AM,2023-12-03,09:23 AM,Motihari,Takeaway,399,20 min
708,C071,56,5,2023-10-11,07:27 PM,2023-10-11,07:47 PM,Ongole,Dine-in,899,20 min
662,C114,50,3,2023-10-28,03:58 PM,2023-10-28,04:16 PM,Vijayawada,Drive-thru,999,18 min
539,C132,52,5,2023-08-17,09:58 AM,2023-08-17,10:42 AM,Rajpur Sonarpur,Dine-in,179,44 min
136,C180,36,4,2023-10-03,10:27 AM,2023-10-03,10:52 AM,Nangloi Jat,Takeaway,449,25 min
266,C146,23,5,2023-05-24,04:52 PM,2023-05-24,05:36 PM,Hospet,Home Delivery,699,44 min
715,C134,43,1,2023-01-23,03:43 PM,2023-01-23,04:28 PM,Guntakal,Takeaway,499,45 min
457,C187,34,5,2023-09-26,12:38 AM,2023-09-26,01:16 AM,Guntur,Drive-thru,799,38 min
585,C043,15,1,2023-09-21,04:13 AM,2023-09-21,04:36 AM,Hapur,Takeaway,179,23 min
724,C143,48,5,2023-08-01,10:10 AM,2023-08-01,10:27 AM,Jalna,Home Delivery,449,17 min
362,C189,45,3,2023-10-30,12:14 PM,2023-10-30,12:59 PM,Kota,Home Delivery,449,45 min
947,C079,53,1,2023-08-22,03:24 PM,2023-08-22,04:18 PM,Jabalpur,Dine-in,599,54 min
520,C116,7,5,2023-12-12,10:09 AM,2023-12-12,11:00 AM,Mira-Bhayandar,Drive-thru,229,51 min
825,C130,36,3,2023-01-04,04:24 PM,2023-01-04,05:14 PM,Kavali,Home Delivery,449,50 min
55,C007,48,2,2023-09-13,12:07 PM,2023-09-13,12:45 PM,Dindigul,Dine-in,449,38 min
141,C131,29,1,2023-08-21,12:59 PM,2023-08-21,01:44 PM,Gangtok,Drive-thru,549,45 min
46,C115,39,6,2023-08-07,08:46 PM,2023-08-07,09:06 PM,Bhimavaram,Drive-thru,699,20 min
967,C012,7,6,2023-01-27,07:39 PM,2023-01-27,07:55 PM,Malda,Takeaway,229,16 min
620,C023,18,4,2023-06-30,03:28 PM,2023-06-30,04:02 PM,Khandwa,Drive-thru,449,34 min
74,C197,37,4,2023-11-13,11:21 PM,2023-11-13,12:03 AM,Farrukhabad,Drive-thru,499,42 min
604,C002,46,6,2023-01-04,04:57 AM,2023-01-04,05:22 AM,KOZHIKODE,Dine-in,999,25 min
22,C026,54,6,2023-11-29,05:20 PM,2023-11-29,05:38 PM,Morbi,Takeaway,179,18 min
422,C046,56,4,2023-10-28,06:43 PM,2023-10-28,07:12 PM,TIRUNELVELI,Home Delivery,899,29 min
692,C198,29,2,2023-01-18,03:15 PM,2023-01-18,03:35 PM,Navi Mumbai,Drive-thru,549,20 min
39,C132,26,5,2023-08-31,12:38 AM,2023-08-31,01:22 AM,Rajpur Sonarpur,Dine-in,299,44 min
483,C047,40,4,2023-07-03,04:39 PM,2023-07-03,05:31 PM,Dharmavaram,Takeaway,449,52 min
175,C106,3,5,2023-04-24,03:43 PM,2023-04-24,03:59 PM,Erode,Dine-in,599,16 min
40,C193,42,2,2023-05-27,03:35 PM,2023-05-27,04:04 PM,Raipur,Dine-in,342,29 min
59,C023,52,6,2023-06-13,12:50 PM,2023-06-13,01:15 PM,Khandwa,Dine-in,179,25 min
255,C159,4,3,2023-05-01,10:37 PM,2023-05-01,10:59 PM,Bhalswa Jahangir Pur,Takeaway,249,22 min
784,C058,3,4,2023-01-08,08:09 AM,2023-01-08,08:49 AM,Bhatpara,Drive-thru,599,40 min
200,C042,37,2,2023-10-18,12:24 PM,2023-10-18,01:23 PM,Latur,Home Delivery,499,59 min
728,C081,36,3,2023-07-10,01:18 PM,2023-07-10,02:16 PM,Sri Ganganagar,Drive-thru,449,58 min
807,C141,18,5,2023-11-18,03:59 PM,2023-11-18,04:18 PM,Kota,Dine-in,449,19 min
675,C001,34,2,2023-06-26,07:38 PM,2023-06-26,07:58 PM,Rajahmundry,Drive-thru,799,20 min
105,C135,25,3,2023-03-30,12:54 PM,2023-03-30,01:34 PM,Asansol,Home Delivery,449,40 min
91,C019,25,5,2023-08-19,01:16 AM,2023-08-19,01:34 AM,Bhopal,Dine-in,449,18 min
588,C123,14,5,2023-03-24,04:16 PM,2023-03-24,04:49 PM,Bahraich,Dine-in,299,33 min
576,C115,11,4,2023-10-17,08:56 AM,2023-10-17,09:30 AM,Bhimavaram,Drive-thru,649,34 min
493,C061,6,4,2023-08-16,09:48 PM,2023-08-16,10:35 PM,Tenali,Dine-in,299,47 min
810,C023,4,1,2023-08-02,09:11 AM,2023-08-02,09:45 AM,KHANDWA,Takeaway,249,34 min
263,C009,29,3,2023-06-28,11:53 PM,2023-06-28,12:19 AM,Giridih,Drive-thru,549,26 min
130,C061,29,3,2023-06-18,09:51 AM,2023-06-18,10:06 AM,Tenali,Dine-in,549,15 min
443,C119,55,1,2023-08-29,01:11 PM,2023-08-29,01:51 PM,Nangloi Jat,Dine-in,179,40 min
354,C072,25,2,2023-08-03,10:36 PM,2023-08-03,11:04 PM,Noida,Takeaway,449,28 min
874,C077,37,6,2023-06-05,02:33 PM,2023-06-05,03:25 PM,Gandhidham,Home Delivery,499,52 min
852,C099,4,1,2023-08-07,02:44 AM,2023-08-07,03:36 AM,Srikakulam,Takeaway,249,51 min
366,C001,22,5,2023-04-14,04:32 PM,2023-04-14,04:56 PM,Rajahmundry,Home Delivery,249,25 min
608,C194,14,4,2023-10-10,02:56 PM,2023-10-10,03:46 PM,Kakinada,Takeaway,299,50 min
474,C165,15,4,2023-01-06,12:38 AM,2023-01-06,01:05 AM,Hazaribagh,Drive-thru,179,27 min
736,C077,6,5,2023-07-24,01:40 PM,2023-07-24,02:38 PM,Gandhidham,Dine-in,299,57 min
626,C132,17,5,2023-10-22,06:43 AM,2023-10-22,07:00 AM,Rajpur Sonarpur,Drive-thru,249,17 min
481,C167,57,2,2023-02-27,05:01 AM,2023-02-27,05:48 AM,Kharagpur,Dine-in,229,47 min
